iteration,current_cost,best_cost,temperature
1,705.308,705.308,211.592
2,640.685,640.685,211.592
3,640.685,640.685,211.592
4,640.685,640.685,211.592
5,640.685,640.685,211.592
6,640.685,640.685,211.592
7,640.685,640.685,211.592
8,640.685,640.685,211.592
9,911.984,640.685,211.592
10,911.984,640.685,211.592
11,911.984,640.685,211.592
12,911.984,640.685,211.592
13,911.984,640.685,211.592
14,911.984,640.685,211.592
15,911.984,640.685,211.592
16,705.308,640.685,211.592
17,731.444,640.685,211.592
18,731.444,640.685,211.592
19,731.444,640.685,211.592
20,731.444,640.685,211.592
21,731.444,640.685,211.592
22,731.444,640.685,211.592
23,731.444,640.685,211.592
24,731.444,640.685,211.592
25,731.444,640.685,211.592
26,731.444,640.685,211.592
27,731.444,640.685,211.592
28,731.444,640.685,211.592
29,731.444,640.685,211.592
30,731.444,640.685,211.592
31,731.444,640.685,211.592
32,731.444,640.685,211.592
33,731.444,640.685,211.592
34,731.444,640.685,211.592
35,705.308,640.685,211.592
36,640.685,640.685,211.592
37,640.685,640.685,211.592
38,640.685,640.685,211.592
39,640.685,640.685,211.592
40,942.054,640.685,211.592
41,942.054,640.685,209.476
42,942.054,640.685,209.476
43,942.054,640.685,209.476
44,942.054,640.685,209.476
45,942.054,640.685,209.476
46,942.054,640.685,209.476
47,942.054,640.685,209.476
48,945.351,640.685,209.476
49,945.351,640.685,209.476
50,945.351,640.685,209.476
51,945.351,640.685,209.476
52,945.351,640.685,209.476
53,997.622,640.685,209.476
54,933.28,640.685,209.476
55,933.28,640.685,209.476
56,933.28,640.685,209.476
57,933.28,640.685,209.476
58,933.28,640.685,209.476
59,933.28,640.685,209.476
60,933.28,640.685,209.476
61,933.28,640.685,209.476
62,933.28,640.685,209.476
63,933.28,640.685,209.476
64,907.638,640.685,209.476
65,907.638,640.685,209.476
66,907.638,640.685,209.476
67,907.638,640.685,209.476
68,907.638,640.685,209.476
69,907.638,640.685,209.476
70,907.638,640.685,209.476
71,640.685,640.685,209.476
72,640.685,640.685,209.476
73,640.685,640.685,209.476
74,640.685,640.685,209.476
75,704.352,640.685,209.476
76,704.352,640.685,209.476
77,704.352,640.685,209.476
78,704.352,640.685,209.476
79,704.352,640.685,209.476
80,640.685,640.685,209.476
81,640.685,640.685,207.382
82,640.685,640.685,207.382
83,640.685,640.685,207.382
84,640.685,640.685,207.382
85,640.685,640.685,207.382
86,640.685,640.685,207.382
87,801.032,640.685,207.382
88,640.685,640.685,207.382
89,640.685,640.685,207.382
90,640.685,640.685,207.382
91,640.685,640.685,207.382
92,640.685,640.685,207.382
93,640.685,640.685,207.382
94,640.685,640.685,207.382
95,640.685,640.685,207.382
96,640.685,640.685,207.382
97,792.485,640.685,207.382
98,640.685,640.685,207.382
99,640.685,640.685,207.382
100,739.367,640.685,207.382
101,739.367,640.685,207.382
102,739.367,640.685,207.382
103,739.367,640.685,207.382
104,739.367,640.685,207.382
105,739.367,640.685,207.382
106,739.367,640.685,207.382
107,717.446,640.685,207.382
108,717.446,640.685,207.382
109,640.685,640.685,207.382
110,640.685,640.685,207.382
111,640.685,640.685,207.382
112,640.685,640.685,207.382
113,640.685,640.685,207.382
114,640.685,640.685,207.382
115,640.685,640.685,207.382
116,640.685,640.685,207.382
117,640.685,640.685,207.382
118,640.685,640.685,207.382
119,640.685,640.685,207.382
120,640.685,640.685,207.382
121,640.685,640.685,205.308
122,640.685,640.685,205.308
123,640.685,640.685,205.308
124,640.685,640.685,205.308
125,640.685,640.685,205.308
126,640.685,640.685,205.308
127,640.685,640.685,205.308
128,640.685,640.685,205.308
129,640.685,640.685,205.308
130,640.685,640.685,205.308
131,640.685,640.685,205.308
132,977.187,640.685,205.308
133,977.187,640.685,205.308
134,1109.38,640.685,205.308
135,1109.38,640.685,205.308
136,1109.38,640.685,205.308
137,1109.38,640.685,205.308
138,1110.76,640.685,205.308
139,984.296,640.685,205.308
140,984.296,640.685,205.308
141,977.187,640.685,205.308
142,977.187,640.685,205.308
143,977.187,640.685,205.308
144,977.187,640.685,205.308
145,833.08,640.685,205.308
146,793.207,640.685,205.308
147,833.913,640.685,205.308
148,833.913,640.685,205.308
149,833.913,640.685,205.308
150,833.913,640.685,205.308
151,936.576,640.685,205.308
152,804.387,640.685,205.308
153,804.387,640.685,205.308
154,804.387,640.685,205.308
155,804.387,640.685,205.308
156,804.387,640.685,205.308
157,804.387,640.685,205.308
158,763.083,640.685,205.308
159,763.083,640.685,205.308
160,763.083,640.685,205.308
161,763.083,640.685,203.255
162,763.083,640.685,203.255
163,763.083,640.685,203.255
164,763.083,640.685,203.255
165,763.083,640.685,203.255
166,1421.59,640.685,203.255
167,1421.59,640.685,203.255
168,1403.53,640.685,203.255
169,1736.43,640.685,203.255
170,1664.77,640.685,203.255
171,1627.69,640.685,203.255
172,1627.69,640.685,203.255
173,1253.58,640.685,203.255
174,1253.58,640.685,203.255
175,983.069,640.685,203.255
176,983.069,640.685,203.255
177,983.069,640.685,203.255
178,983.069,640.685,203.255
179,983.069,640.685,203.255
180,983.069,640.685,203.255
181,983.069,640.685,203.255
182,983.069,640.685,203.255
183,983.069,640.685,203.255
184,983.069,640.685,203.255
185,983.069,640.685,203.255
186,835.554,640.685,203.255
187,835.554,640.685,203.255
188,835.554,640.685,203.255
189,835.554,640.685,203.255
190,835.554,640.685,203.255
191,812.861,640.685,203.255
192,812.861,640.685,203.255
193,780.562,640.685,203.255
194,780.562,640.685,203.255
195,780.562,640.685,203.255
196,790.841,640.685,203.255
197,790.841,640.685,203.255
198,790.841,640.685,203.255
199,790.841,640.685,203.255
200,790.841,640.685,203.255
201,810.556,640.685,201.222
202,810.556,640.685,201.222
203,810.556,640.685,201.222
204,810.556,640.685,201.222
205,810.556,640.685,201.222
206,810.556,640.685,201.222
207,810.556,640.685,201.222
208,810.556,640.685,201.222
209,810.556,640.685,201.222
210,810.556,640.685,201.222
211,810.556,640.685,201.222
212,870.489,640.685,201.222
213,870.489,640.685,201.222
214,870.489,640.685,201.222
215,870.489,640.685,201.222
216,842.378,640.685,201.222
217,842.378,640.685,201.222
218,842.378,640.685,201.222
219,743.835,640.685,201.222
220,743.835,640.685,201.222
221,743.835,640.685,201.222
222,743.835,640.685,201.222
223,743.835,640.685,201.222
224,743.835,640.685,201.222
225,743.835,640.685,201.222
226,743.835,640.685,201.222
227,743.835,640.685,201.222
228,743.835,640.685,201.222
229,743.835,640.685,201.222
230,743.835,640.685,201.222
231,743.835,640.685,201.222
232,743.835,640.685,201.222
233,743.835,640.685,201.222
234,1112.34,640.685,201.222
235,1112.34,640.685,201.222
236,1127.02,640.685,201.222
237,1127.02,640.685,201.222
238,1127.48,640.685,201.222
239,1127.48,640.685,201.222
240,1085.83,640.685,201.222
241,1085.83,640.685,199.21
242,1085.83,640.685,199.21
243,1085.83,640.685,199.21
244,784.4,640.685,199.21
245,784.4,640.685,199.21
246,784.4,640.685,199.21
247,784.4,640.685,199.21
248,850.435,640.685,199.21
249,832.027,640.685,199.21
250,832.027,640.685,199.21
251,799.256,640.685,199.21
252,799.256,640.685,199.21
253,799.256,640.685,199.21
254,799.256,640.685,199.21
255,799.256,640.685,199.21
256,799.256,640.685,199.21
257,799.256,640.685,199.21
258,799.256,640.685,199.21
259,799.256,640.685,199.21
260,799.256,640.685,199.21
261,799.256,640.685,199.21
262,799.256,640.685,199.21
263,799.256,640.685,199.21
264,799.256,640.685,199.21
265,799.256,640.685,199.21
266,799.256,640.685,199.21
267,799.256,640.685,199.21
268,799.256,640.685,199.21
269,799.256,640.685,199.21
270,799.256,640.685,199.21
271,799.256,640.685,199.21
272,799.256,640.685,199.21
273,799.256,640.685,199.21
274,799.256,640.685,199.21
275,799.256,640.685,199.21
276,799.256,640.685,199.21
277,927.809,640.685,199.21
278,927.809,640.685,199.21
279,927.809,640.685,199.21
280,927.809,640.685,199.21
281,927.809,640.685,197.218
282,927.809,640.685,197.218
283,927.809,640.685,197.218
284,927.809,640.685,197.218
285,927.809,640.685,197.218
286,927.809,640.685,197.218
287,927.809,640.685,197.218
288,927.809,640.685,197.218
289,927.809,640.685,197.218
290,793.853,640.685,197.218
291,793.853,640.685,197.218
292,793.853,640.685,197.218
293,793.853,640.685,197.218
294,793.853,640.685,197.218
295,793.853,640.685,197.218
296,793.853,640.685,197.218
297,793.853,640.685,197.218
298,793.853,640.685,197.218
299,793.853,640.685,197.218
300,793.853,640.685,197.218
301,793.853,640.685,197.218
302,793.853,640.685,197.218
303,793.853,640.685,197.218
304,793.853,640.685,197.218
305,793.853,640.685,197.218
306,793.853,640.685,197.218
307,793.853,640.685,197.218
308,793.853,640.685,197.218
309,952.723,640.685,197.218
310,952.723,640.685,197.218
311,798.432,640.685,197.218
312,887.989,640.685,197.218
313,907.304,640.685,197.218
314,907.304,640.685,197.218
315,907.304,640.685,197.218
316,907.304,640.685,197.218
317,907.304,640.685,197.218
318,907.304,640.685,197.218
319,843.999,640.685,197.218
320,786.379,640.685,197.218
321,786.379,640.685,195.246
322,786.379,640.685,195.246
323,786.379,640.685,195.246
324,755.322,640.685,195.246
325,755.322,640.685,195.246
326,755.322,640.685,195.246
327,755.322,640.685,195.246
328,755.322,640.685,195.246
329,755.322,640.685,195.246
330,755.322,640.685,195.246
331,755.322,640.685,195.246
332,755.322,640.685,195.246
333,755.322,640.685,195.246
334,755.322,640.685,195.246
335,830.489,640.685,195.246
336,830.489,640.685,195.246
337,830.489,640.685,195.246
338,830.489,640.685,195.246
339,830.489,640.685,195.246
340,830.489,640.685,195.246
341,830.489,640.685,195.246
342,830.489,640.685,195.246
343,830.489,640.685,195.246
344,830.489,640.685,195.246
345,830.489,640.685,195.246
346,830.489,640.685,195.246
347,830.489,640.685,195.246
348,765.162,640.685,195.246
349,765.162,640.685,195.246
350,765.162,640.685,195.246
351,865.011,640.685,195.246
352,865.011,640.685,195.246
353,865.011,640.685,195.246
354,865.011,640.685,195.246
355,865.011,640.685,195.246
356,865.011,640.685,195.246
357,865.011,640.685,195.246
358,865.011,640.685,195.246
359,865.011,640.685,195.246
360,865.011,640.685,195.246
361,865.011,640.685,193.293
362,919.989,640.685,193.293
363,919.989,640.685,193.293
364,919.989,640.685,193.293
365,937.175,640.685,193.293
366,934.626,640.685,193.293
367,934.626,640.685,193.293
368,934.626,640.685,193.293
369,934.626,640.685,193.293
370,889.821,640.685,193.293
371,889.821,640.685,193.293
372,911.494,640.685,193.293
373,911.494,640.685,193.293
374,911.494,640.685,193.293
375,911.494,640.685,193.293
376,911.494,640.685,193.293
377,911.494,640.685,193.293
378,911.494,640.685,193.293
379,911.494,640.685,193.293
380,911.494,640.685,193.293
381,911.494,640.685,193.293
382,911.494,640.685,193.293
383,1223.06,640.685,193.293
384,1223.06,640.685,193.293
385,1218.95,640.685,193.293
386,1223.06,640.685,193.293
387,1223.06,640.685,193.293
388,1445.17,640.685,193.293
389,1373.24,640.685,193.293
390,1373.24,640.685,193.293
391,1373.24,640.685,193.293
392,1373.24,640.685,193.293
393,1320.27,640.685,193.293
394,1320.27,640.685,193.293
395,1296.49,640.685,193.293
396,1296.49,640.685,193.293
397,1296.49,640.685,193.293
398,1296.49,640.685,193.293
399,1197.14,640.685,193.293
400,1193.36,640.685,193.293
401,1643.41,640.685,191.36
402,1643.41,640.685,191.36
403,1643.41,640.685,191.36
404,1162.89,640.685,191.36
405,879.693,640.685,191.36
406,879.693,640.685,191.36
407,859.985,640.685,191.36
408,988.803,640.685,191.36
409,806.416,640.685,191.36
410,806.416,640.685,191.36
411,806.416,640.685,191.36
412,806.416,640.685,191.36
413,806.416,640.685,191.36
414,806.416,640.685,191.36
415,806.416,640.685,191.36
416,806.416,640.685,191.36
417,782.711,640.685,191.36
418,782.711,640.685,191.36
419,782.711,640.685,191.36
420,782.711,640.685,191.36
421,782.711,640.685,191.36
422,782.711,640.685,191.36
423,782.711,640.685,191.36
424,764.304,640.685,191.36
425,764.304,640.685,191.36
426,764.304,640.685,191.36
427,679.538,640.685,191.36
428,679.538,640.685,191.36
429,679.538,640.685,191.36
430,679.538,640.685,191.36
431,679.538,640.685,191.36
432,679.538,640.685,191.36
433,679.538,640.685,191.36
434,679.538,640.685,191.36
435,679.538,640.685,191.36
436,679.538,640.685,191.36
437,679.538,640.685,191.36
438,679.538,640.685,191.36
439,679.538,640.685,191.36
440,679.538,640.685,191.36
441,741.971,640.685,189.447
442,741.971,640.685,189.447
443,741.971,640.685,189.447
444,741.971,640.685,189.447
445,741.971,640.685,189.447
446,741.971,640.685,189.447
447,741.971,640.685,189.447
448,809.475,640.685,189.447
449,809.475,640.685,189.447
450,745.213,640.685,189.447
451,745.213,640.685,189.447
452,745.213,640.685,189.447
453,745.213,640.685,189.447
454,745.213,640.685,189.447
455,745.213,640.685,189.447
456,745.213,640.685,189.447
457,745.213,640.685,189.447
458,745.213,640.685,189.447
459,745.213,640.685,189.447
460,726.523,640.685,189.447
461,726.523,640.685,189.447
462,726.523,640.685,189.447
463,726.523,640.685,189.447
464,726.523,640.685,189.447
465,726.523,640.685,189.447
466,726.523,640.685,189.447
467,726.523,640.685,189.447
468,726.523,640.685,189.447
469,726.523,640.685,189.447
470,726.523,640.685,189.447
471,726.523,640.685,189.447
472,726.523,640.685,189.447
473,726.523,640.685,189.447
474,726.523,640.685,189.447
475,632.021,632.021,189.447
476,632.021,632.021,189.447
477,632.021,632.021,189.447
478,632.021,632.021,189.447
479,632.021,632.021,189.447
480,632.021,632.021,189.447
481,632.021,632.021,187.552
482,632.021,632.021,187.552
483,632.021,632.021,187.552
484,632.021,632.021,187.552
485,632.021,632.021,187.552
486,632.021,632.021,187.552
487,632.021,632.021,187.552
488,632.021,632.021,187.552
489,632.021,632.021,187.552
490,632.021,632.021,187.552
491,632.021,632.021,187.552
492,632.021,632.021,187.552
493,632.021,632.021,187.552
494,632.021,632.021,187.552
495,632.021,632.021,187.552
496,632.021,632.021,187.552
497,632.021,632.021,187.552
498,632.021,632.021,187.552
499,632.021,632.021,187.552
500,632.021,632.021,187.552
501,721.061,632.021,187.552
502,721.061,632.021,187.552
503,721.061,632.021,187.552
504,721.061,632.021,187.552
505,721.061,632.021,187.552
506,721.061,632.021,187.552
507,721.061,632.021,187.552
508,721.061,632.021,187.552
509,721.061,632.021,187.552
510,721.061,632.021,187.552
511,721.061,632.021,187.552
512,721.061,632.021,187.552
513,721.061,632.021,187.552
514,721.061,632.021,187.552
515,887.996,632.021,187.552
516,887.996,632.021,187.552
517,887.996,632.021,187.552
518,839.728,632.021,187.552
519,839.728,632.021,187.552
520,839.728,632.021,187.552
521,839.728,632.021,185.677
522,824.788,632.021,185.677
523,824.788,632.021,185.677
524,824.788,632.021,185.677
525,824.788,632.021,185.677
526,824.788,632.021,185.677
527,824.788,632.021,185.677
528,824.788,632.021,185.677
529,824.788,632.021,185.677
530,787.766,632.021,185.677
531,787.766,632.021,185.677
532,787.766,632.021,185.677
533,715.839,632.021,185.677
534,715.839,632.021,185.677
535,715.839,632.021,185.677
536,715.839,632.021,185.677
537,715.839,632.021,185.677
538,715.839,632.021,185.677
539,715.839,632.021,185.677
540,715.839,632.021,185.677
541,715.839,632.021,185.677
542,715.839,632.021,185.677
543,715.839,632.021,185.677
544,715.839,632.021,185.677
545,719.678,632.021,185.677
546,719.678,632.021,185.677
547,812.861,632.021,185.677
548,812.861,632.021,185.677
549,812.861,632.021,185.677
550,769.569,632.021,185.677
551,769.569,632.021,185.677
552,769.569,632.021,185.677
553,769.569,632.021,185.677
554,769.569,632.021,185.677
555,679.538,632.021,185.677
556,679.538,632.021,185.677
557,679.538,632.021,185.677
558,679.538,632.021,185.677
559,679.538,632.021,185.677
560,679.538,632.021,185.677
561,679.538,632.021,183.82
562,679.538,632.021,183.82
563,679.538,632.021,183.82
564,679.538,632.021,183.82
565,679.538,632.021,183.82
566,712.906,632.021,183.82
567,712.906,632.021,183.82
568,712.906,632.021,183.82
569,712.906,632.021,183.82
570,712.906,632.021,183.82
571,712.906,632.021,183.82
572,712.906,632.021,183.82
573,712.906,632.021,183.82
574,712.906,632.021,183.82
575,712.906,632.021,183.82
576,712.906,632.021,183.82
577,712.906,632.021,183.82
578,712.906,632.021,183.82
579,712.906,632.021,183.82
580,712.906,632.021,183.82
581,712.906,632.021,183.82
582,712.906,632.021,183.82
583,712.906,632.021,183.82
584,712.906,632.021,183.82
585,712.906,632.021,183.82
586,712.906,632.021,183.82
587,712.906,632.021,183.82
588,712.906,632.021,183.82
589,712.906,632.021,183.82
590,712.906,632.021,183.82
591,712.906,632.021,183.82
592,712.906,632.021,183.82
593,712.906,632.021,183.82
594,712.906,632.021,183.82
595,712.906,632.021,183.82
596,950.954,632.021,183.82
597,830.526,632.021,183.82
598,709.936,632.021,183.82
599,709.936,632.021,183.82
600,709.936,632.021,183.82
601,709.936,632.021,181.982
602,709.936,632.021,181.982
603,825.812,632.021,181.982
604,825.812,632.021,181.982
605,822.497,632.021,181.982
606,802.773,632.021,181.982
607,802.773,632.021,181.982
608,822.497,632.021,181.982
609,822.497,632.021,181.982
610,822.497,632.021,181.982
611,798.021,632.021,181.982
612,825.812,632.021,181.982
613,825.812,632.021,181.982
614,825.812,632.021,181.982
615,822.497,632.021,181.982
616,822.497,632.021,181.982
617,738.511,632.021,181.982
618,738.511,632.021,181.982
619,822.497,632.021,181.982
620,822.497,632.021,181.982
621,822.497,632.021,181.982
622,738.511,632.021,181.982
623,738.511,632.021,181.982
624,704.352,632.021,181.982
625,704.352,632.021,181.982
626,704.352,632.021,181.982
627,704.352,632.021,181.982
628,704.352,632.021,181.982
629,704.352,632.021,181.982
630,704.352,632.021,181.982
631,704.352,632.021,181.982
632,704.352,632.021,181.982
633,704.352,632.021,181.982
634,704.352,632.021,181.982
635,704.352,632.021,181.982
636,1000.1,632.021,181.982
637,1000.1,632.021,181.982
638,1000.1,632.021,181.982
639,1000.1,632.021,181.982
640,1000.1,632.021,181.982
641,704.352,632.021,180.162
642,704.352,632.021,180.162
643,704.352,632.021,180.162
644,704.352,632.021,180.162
645,704.352,632.021,180.162
646,704.352,632.021,180.162
647,762.351,632.021,180.162
648,762.351,632.021,180.162
649,762.351,632.021,180.162
650,762.351,632.021,180.162
651,762.351,632.021,180.162
652,762.351,632.021,180.162
653,762.351,632.021,180.162
654,704.352,632.021,180.162
655,704.352,632.021,180.162
656,717.446,632.021,180.162
657,717.446,632.021,180.162
658,717.446,632.021,180.162
659,717.446,632.021,180.162
660,717.446,632.021,180.162
661,717.446,632.021,180.162
662,717.446,632.021,180.162
663,1072.89,632.021,180.162
664,669.317,632.021,180.162
665,669.317,632.021,180.162
666,669.317,632.021,180.162
667,669.317,632.021,180.162
668,772.184,632.021,180.162
669,772.184,632.021,180.162
670,739.637,632.021,180.162
671,739.637,632.021,180.162
672,739.637,632.021,180.162
673,739.637,632.021,180.162
674,863.173,632.021,180.162
675,772.723,632.021,180.162
676,772.723,632.021,180.162
677,772.723,632.021,180.162
678,772.723,632.021,180.162
679,772.723,632.021,180.162
680,772.723,632.021,180.162
681,772.723,632.021,178.36
682,772.723,632.021,178.36
683,772.723,632.021,178.36
684,945.055,632.021,178.36
685,945.055,632.021,178.36
686,785.004,632.021,178.36
687,785.004,632.021,178.36
688,785.004,632.021,178.36
689,785.004,632.021,178.36
690,785.004,632.021,178.36
691,785.004,632.021,178.36
692,785.004,632.021,178.36
693,785.004,632.021,178.36
694,785.004,632.021,178.36
695,785.004,632.021,178.36
696,785.004,632.021,178.36
697,722.543,632.021,178.36
698,722.543,632.021,178.36
699,722.543,632.021,178.36
700,1061.23,632.021,178.36
701,1061.23,632.021,178.36
702,1061.23,632.021,178.36
703,1041.5,632.021,178.36
704,1041.5,632.021,178.36
705,1041.5,632.021,178.36
706,1041.5,632.021,178.36
707,1041.5,632.021,178.36
708,1041.5,632.021,178.36
709,1041.5,632.021,178.36
710,1041.5,632.021,178.36
711,1041.5,632.021,178.36
712,1032.39,632.021,178.36
713,1032.39,632.021,178.36
714,1032.39,632.021,178.36
715,1032.39,632.021,178.36
716,1032.39,632.021,178.36
717,1032.39,632.021,178.36
718,1032.39,632.021,178.36
719,1032.39,632.021,178.36
720,1032.39,632.021,178.36
721,1032.39,632.021,176.577
722,1032.39,632.021,176.577
723,1032.39,632.021,176.577
724,1032.39,632.021,176.577
725,1032.39,632.021,176.577
726,1032.39,632.021,176.577
727,1032.39,632.021,176.577
728,1032.39,632.021,176.577
729,1032.39,632.021,176.577
730,1032.39,632.021,176.577
731,1032.39,632.021,176.577
732,1032.39,632.021,176.577
733,1032.39,632.021,176.577
734,1032.39,632.021,176.577
735,1032.39,632.021,176.577
736,1032.39,632.021,176.577
737,678.449,632.021,176.577
738,678.449,632.021,176.577
739,678.449,632.021,176.577
740,678.449,632.021,176.577
741,678.449,632.021,176.577
742,678.449,632.021,176.577
743,678.449,632.021,176.577
744,678.449,632.021,176.577
745,678.449,632.021,176.577
746,654.763,632.021,176.577
747,654.763,632.021,176.577
748,688.131,632.021,176.577
749,688.131,632.021,176.577
750,755.832,632.021,176.577
751,755.832,632.021,176.577
752,755.832,632.021,176.577
753,755.832,632.021,176.577
754,755.832,632.021,176.577
755,755.832,632.021,176.577
756,755.832,632.021,176.577
757,755.832,632.021,176.577
758,926.368,632.021,176.577
759,916.534,632.021,176.577
760,916.534,632.021,176.577
761,916.534,632.021,174.811
762,916.534,632.021,174.811
763,755.832,632.021,174.811
764,755.832,632.021,174.811
765,755.832,632.021,174.811
766,704.352,632.021,174.811
767,704.352,632.021,174.811
768,704.352,632.021,174.811
769,704.352,632.021,174.811
770,704.352,632.021,174.811
771,705.308,632.021,174.811
772,705.308,632.021,174.811
773,705.308,632.021,174.811
774,705.308,632.021,174.811
775,654.763,632.021,174.811
776,654.763,632.021,174.811
777,654.763,632.021,174.811
778,654.763,632.021,174.811
779,654.763,632.021,174.811
780,654.763,632.021,174.811
781,654.763,632.021,174.811
782,885.458,632.021,174.811
783,873.114,632.021,174.811
784,873.114,632.021,174.811
785,873.114,632.021,174.811
786,782.155,632.021,174.811
787,738.641,632.021,174.811
788,738.641,632.021,174.811
789,738.641,632.021,174.811
790,738.641,632.021,174.811
791,738.641,632.021,174.811
792,738.641,632.021,174.811
793,738.641,632.021,174.811
794,738.641,632.021,174.811
795,738.641,632.021,174.811
796,738.641,632.021,174.811
797,738.641,632.021,174.811
798,738.641,632.021,174.811
799,738.641,632.021,174.811
800,738.641,632.021,174.811
801,738.641,632.021,173.063
802,738.641,632.021,173.063
803,738.641,632.021,173.063
804,738.641,632.021,173.063
805,738.641,632.021,173.063
806,738.641,632.021,173.063
807,738.641,632.021,173.063
808,738.641,632.021,173.063
809,738.641,632.021,173.063
810,738.641,632.021,173.063
811,738.641,632.021,173.063
812,738.641,632.021,173.063
813,738.641,632.021,173.063
814,738.641,632.021,173.063
815,738.641,632.021,173.063
816,738.641,632.021,173.063
817,867.297,632.021,173.063
818,867.297,632.021,173.063
819,867.297,632.021,173.063
820,866.497,632.021,173.063
821,794.972,632.021,173.063
822,794.972,632.021,173.063
823,794.972,632.021,173.063
824,794.972,632.021,173.063
825,813.974,632.021,173.063
826,680.634,632.021,173.063
827,680.634,632.021,173.063
828,680.634,632.021,173.063
829,680.634,632.021,173.063
830,680.634,632.021,173.063
831,680.634,632.021,173.063
832,680.634,632.021,173.063
833,680.634,632.021,173.063
834,680.634,632.021,173.063
835,680.634,632.021,173.063
836,680.634,632.021,173.063
837,680.634,632.021,173.063
838,680.634,632.021,173.063
839,680.634,632.021,173.063
840,680.634,632.021,173.063
841,680.634,632.021,171.332
842,680.634,632.021,171.332
843,680.634,632.021,171.332
844,680.634,632.021,171.332
845,680.634,632.021,171.332
846,680.634,632.021,171.332
847,680.634,632.021,171.332
848,687.721,632.021,171.332
849,687.721,632.021,171.332
850,687.721,632.021,171.332
851,687.721,632.021,171.332
852,687.721,632.021,171.332
853,835.642,632.021,171.332
854,835.642,632.021,171.332
855,835.642,632.021,171.332
856,835.642,632.021,171.332
857,835.642,632.021,171.332
858,835.642,632.021,171.332
859,835.642,632.021,171.332
860,835.642,632.021,171.332
861,835.642,632.021,171.332
862,797.764,632.021,171.332
863,797.764,632.021,171.332
864,797.764,632.021,171.332
865,797.764,632.021,171.332
866,797.764,632.021,171.332
867,770.246,632.021,171.332
868,770.246,632.021,171.332
869,715.423,632.021,171.332
870,761.3,632.021,171.332
871,761.3,632.021,171.332
872,761.3,632.021,171.332
873,761.3,632.021,171.332
874,761.3,632.021,171.332
875,761.3,632.021,171.332
876,761.3,632.021,171.332
877,761.3,632.021,171.332
878,761.3,632.021,171.332
879,825.562,632.021,171.332
880,748.957,632.021,171.332
881,748.957,632.021,169.619
882,748.957,632.021,169.619
883,748.957,632.021,169.619
884,748.957,632.021,169.619
885,748.957,632.021,169.619
886,748.957,632.021,169.619
887,748.957,632.021,169.619
888,748.957,632.021,169.619
889,748.957,632.021,169.619
890,748.957,632.021,169.619
891,748.957,632.021,169.619
892,748.957,632.021,169.619
893,748.957,632.021,169.619
894,748.957,632.021,169.619
895,748.957,632.021,169.619
896,748.957,632.021,169.619
897,748.957,632.021,169.619
898,748.957,632.021,169.619
899,748.957,632.021,169.619
900,748.957,632.021,169.619
901,748.957,632.021,169.619
902,748.957,632.021,169.619
903,748.957,632.021,169.619
904,748.957,632.021,169.619
905,748.957,632.021,169.619
906,748.957,632.021,169.619
907,748.957,632.021,169.619
908,748.957,632.021,169.619
909,748.957,632.021,169.619
910,748.957,632.021,169.619
911,748.957,632.021,169.619
912,748.957,632.021,169.619
913,748.957,632.021,169.619
914,748.957,632.021,169.619
915,632.021,632.021,169.619
916,632.021,632.021,169.619
917,632.021,632.021,169.619
918,632.021,632.021,169.619
919,715.423,632.021,169.619
920,715.423,632.021,169.619
921,715.423,632.021,167.923
922,715.423,632.021,167.923
923,632.021,632.021,167.923
924,632.021,632.021,167.923
925,632.021,632.021,167.923
926,632.021,632.021,167.923
927,632.021,632.021,167.923
928,632.021,632.021,167.923
929,632.021,632.021,167.923
930,632.021,632.021,167.923
931,632.021,632.021,167.923
932,632.021,632.021,167.923
933,632.021,632.021,167.923
934,632.021,632.021,167.923
935,632.021,632.021,167.923
936,632.021,632.021,167.923
937,632.021,632.021,167.923
938,632.021,632.021,167.923
939,632.021,632.021,167.923
940,632.021,632.021,167.923
941,632.021,632.021,167.923
942,680.634,632.021,167.923
943,757.466,632.021,167.923
944,757.466,632.021,167.923
945,757.466,632.021,167.923
946,757.466,632.021,167.923
947,757.466,632.021,167.923
948,757.466,632.021,167.923
949,757.466,632.021,167.923
950,757.466,632.021,167.923
951,757.466,632.021,167.923
952,766.015,632.021,167.923
953,766.015,632.021,167.923
954,757.466,632.021,167.923
955,757.466,632.021,167.923
956,757.466,632.021,167.923
957,1088.93,632.021,167.923
958,1088.93,632.021,167.923
959,1088.93,632.021,167.923
960,1088.93,632.021,167.923
961,1088.93,632.021,166.243
962,1088.93,632.021,166.243
963,1088.93,632.021,166.243
964,1088.93,632.021,166.243
965,1088.93,632.021,166.243
966,1066.36,632.021,166.243
967,1066.36,632.021,166.243
968,1066.36,632.021,166.243
969,1066.36,632.021,166.243
970,1066.36,632.021,166.243
971,1066.36,632.021,166.243
972,1089.95,632.021,166.243
973,1052.93,632.021,166.243
974,1052.93,632.021,166.243
975,1052.93,632.021,166.243
976,1052.93,632.021,166.243
977,1052.93,632.021,166.243
978,1136.69,632.021,166.243
979,1136.69,632.021,166.243
980,1136.69,632.021,166.243
981,1180.9,632.021,166.243
982,1164.91,632.021,166.243
983,1164.91,632.021,166.243
984,1094.19,632.021,166.243
985,1094.19,632.021,166.243
986,1075.73,632.021,166.243
987,1075.73,632.021,166.243
988,1075.73,632.021,166.243
989,1075.73,632.021,166.243
990,1052.93,632.021,166.243
991,813.125,632.021,166.243
992,813.125,632.021,166.243
993,813.125,632.021,166.243
994,813.125,632.021,166.243
995,813.125,632.021,166.243
996,728.676,632.021,166.243
997,728.676,632.021,166.243
998,632.021,632.021,166.243
999,632.021,632.021,166.243
1000,632.021,632.021,166.243
1001,632.021,632.021,164.581
1002,632.021,632.021,164.581
1003,632.021,632.021,164.581
1004,632.021,632.021,164.581
1005,632.021,632.021,164.581
1006,632.021,632.021,164.581
1007,632.021,632.021,164.581
1008,632.021,632.021,164.581
1009,632.021,632.021,164.581
1010,632.021,632.021,164.581
1011,632.021,632.021,164.581
1012,632.021,632.021,164.581
1013,632.021,632.021,164.581
1014,632.021,632.021,164.581
1015,632.021,632.021,164.581
1016,632.021,632.021,164.581
1017,632.021,632.021,164.581
1018,632.021,632.021,164.581
1019,632.021,632.021,164.581
1020,632.021,632.021,164.581
1021,632.021,632.021,164.581
1022,632.021,632.021,164.581
1023,632.021,632.021,164.581
1024,632.021,632.021,164.581
1025,632.021,632.021,164.581
1026,632.021,632.021,164.581
1027,632.021,632.021,164.581
1028,632.021,632.021,164.581
1029,632.021,632.021,164.581
1030,632.021,632.021,164.581
1031,632.021,632.021,164.581
1032,632.021,632.021,164.581
1033,632.021,632.021,164.581
1034,632.021,632.021,164.581
1035,632.021,632.021,164.581
1036,632.021,632.021,164.581
1037,632.021,632.021,164.581
1038,632.021,632.021,164.581
1039,632.021,632.021,164.581
1040,632.021,632.021,164.581
1041,632.021,632.021,162.935
1042,632.021,632.021,162.935
1043,632.021,632.021,162.935
1044,632.021,632.021,162.935
1045,632.021,632.021,162.935
1046,632.021,632.021,162.935
1047,632.021,632.021,162.935
1048,632.021,632.021,162.935
1049,632.021,632.021,162.935
1050,632.021,632.021,162.935
1051,632.021,632.021,162.935
1052,632.021,632.021,162.935
1053,632.021,632.021,162.935
1054,632.021,632.021,162.935
1055,724.349,632.021,162.935
1056,724.349,632.021,162.935
1057,724.349,632.021,162.935
1058,724.349,632.021,162.935
1059,724.349,632.021,162.935
1060,724.349,632.021,162.935
1061,724.349,632.021,162.935
1062,724.349,632.021,162.935
1063,724.349,632.021,162.935
1064,724.349,632.021,162.935
1065,724.349,632.021,162.935
1066,724.349,632.021,162.935
1067,724.349,632.021,162.935
1068,724.349,632.021,162.935
1069,724.349,632.021,162.935
1070,724.349,632.021,162.935
1071,724.349,632.021,162.935
1072,724.349,632.021,162.935
1073,724.349,632.021,162.935
1074,724.349,632.021,162.935
1075,738.641,632.021,162.935
1076,738.641,632.021,162.935
1077,738.641,632.021,162.935
1078,738.641,632.021,162.935
1079,738.641,632.021,162.935
1080,738.641,632.021,162.935
1081,738.641,632.021,161.306
1082,738.641,632.021,161.306
1083,738.641,632.021,161.306
1084,738.641,632.021,161.306
1085,738.641,632.021,161.306
1086,738.641,632.021,161.306
1087,738.641,632.021,161.306
1088,738.641,632.021,161.306
1089,738.641,632.021,161.306
1090,738.641,632.021,161.306
1091,738.641,632.021,161.306
1092,738.641,632.021,161.306
1093,738.641,632.021,161.306
1094,738.641,632.021,161.306
1095,738.641,632.021,161.306
1096,738.641,632.021,161.306
1097,738.641,632.021,161.306
1098,738.641,632.021,161.306
1099,738.641,632.021,161.306
1100,738.641,632.021,161.306
1101,738.641,632.021,161.306
1102,738.641,632.021,161.306
1103,738.641,632.021,161.306
1104,839.88,632.021,161.306
1105,721.061,632.021,161.306
1106,721.061,632.021,161.306
1107,721.061,632.021,161.306
1108,721.061,632.021,161.306
1109,721.061,632.021,161.306
1110,721.061,632.021,161.306
1111,721.061,632.021,161.306
1112,721.061,632.021,161.306
1113,721.061,632.021,161.306
1114,721.061,632.021,161.306
1115,721.061,632.021,161.306
1116,721.061,632.021,161.306
1117,721.061,632.021,161.306
1118,721.061,632.021,161.306
1119,721.061,632.021,161.306
1120,721.061,632.021,161.306
1121,721.061,632.021,159.693
1122,721.061,632.021,159.693
1123,721.061,632.021,159.693
1124,632.021,632.021,159.693
1125,632.021,632.021,159.693
1126,632.021,632.021,159.693
1127,632.021,632.021,159.693
1128,632.021,632.021,159.693
1129,632.021,632.021,159.693
1130,632.021,632.021,159.693
1131,632.021,632.021,159.693
1132,632.021,632.021,159.693
1133,632.021,632.021,159.693
1134,632.021,632.021,159.693
1135,632.021,632.021,159.693
1136,632.021,632.021,159.693
1137,632.021,632.021,159.693
1138,632.021,632.021,159.693
1139,632.021,632.021,159.693
1140,632.021,632.021,159.693
1141,632.021,632.021,159.693
1142,632.021,632.021,159.693
1143,632.021,632.021,159.693
1144,632.021,632.021,159.693
1145,632.021,632.021,159.693
1146,632.021,632.021,159.693
1147,632.021,632.021,159.693
1148,632.021,632.021,159.693
1149,632.021,632.021,159.693
1150,632.021,632.021,159.693
1151,680.634,632.021,159.693
1152,680.634,632.021,159.693
1153,680.634,632.021,159.693
1154,632.021,632.021,159.693
1155,632.021,632.021,159.693
1156,632.021,632.021,159.693
1157,873.114,632.021,159.693
1158,873.114,632.021,159.693
1159,873.114,632.021,159.693
1160,748.957,632.021,159.693
1161,748.957,632.021,158.096
1162,748.957,632.021,158.096
1163,748.957,632.021,158.096
1164,748.957,632.021,158.096
1165,748.957,632.021,158.096
1166,748.957,632.021,158.096
1167,748.957,632.021,158.096
1168,748.957,632.021,158.096
1169,1036.8,632.021,158.096
1170,1161.13,632.021,158.096
1171,1161.13,632.021,158.096
1172,1161.13,632.021,158.096
1173,1161.13,632.021,158.096
1174,1161.13,632.021,158.096
1175,1161.13,632.021,158.096
1176,1161.13,632.021,158.096
1177,1161.13,632.021,158.096
1178,840.873,632.021,158.096
1179,840.873,632.021,158.096
1180,766.015,632.021,158.096
1181,766.015,632.021,158.096
1182,753.392,632.021,158.096
1183,724.349,632.021,158.096
1184,724.349,632.021,158.096
1185,724.349,632.021,158.096
1186,724.349,632.021,158.096
1187,724.349,632.021,158.096
1188,724.349,632.021,158.096
1189,724.349,632.021,158.096
1190,724.349,632.021,158.096
1191,724.349,632.021,158.096
1192,724.349,632.021,158.096
1193,724.349,632.021,158.096
1194,724.349,632.021,158.096
1195,724.349,632.021,158.096
1196,724.349,632.021,158.096
1197,1398.1,632.021,158.096
1198,1398.1,632.021,158.096
1199,1398.1,632.021,158.096
1200,1398.1,632.021,158.096
1201,1114.58,632.021,156.515
1202,1114.58,632.021,156.515
1203,841.675,632.021,156.515
1204,841.675,632.021,156.515
1205,832.934,632.021,156.515
1206,948.791,632.021,156.515
1207,948.791,632.021,156.515
1208,753.392,632.021,156.515
1209,903.938,632.021,156.515
1210,862.095,632.021,156.515
1211,862.095,632.021,156.515
1212,862.095,632.021,156.515
1213,747.705,632.021,156.515
1214,654.21,632.021,156.515
1215,654.21,632.021,156.515
1216,654.21,632.021,156.515
1217,654.21,632.021,156.515
1218,654.21,632.021,156.515
1219,654.21,632.021,156.515
1220,654.21,632.021,156.515
1221,654.21,632.021,156.515
1222,654.21,632.021,156.515
1223,654.21,632.021,156.515
1224,654.21,632.021,156.515
1225,654.21,632.021,156.515
1226,654.21,632.021,156.515
1227,654.21,632.021,156.515
1228,654.21,632.021,156.515
1229,654.21,632.021,156.515
1230,654.21,632.021,156.515
1231,654.21,632.021,156.515
1232,654.21,632.021,156.515
1233,654.21,632.021,156.515
1234,654.21,632.021,156.515
1235,654.21,632.021,156.515
1236,654.21,632.021,156.515
1237,739.55,632.021,156.515
1238,739.55,632.021,156.515
1239,739.55,632.021,156.515
1240,739.55,632.021,156.515
1241,739.55,632.021,154.95
1242,739.55,632.021,154.95
1243,739.55,632.021,154.95
1244,739.55,632.021,154.95
1245,739.55,632.021,154.95
1246,739.55,632.021,154.95
1247,739.55,632.021,154.95
1248,739.55,632.021,154.95
1249,739.55,632.021,154.95
1250,739.55,632.021,154.95
1251,739.55,632.021,154.95
1252,739.55,632.021,154.95
1253,739.55,632.021,154.95
1254,739.55,632.021,154.95
1255,739.55,632.021,154.95
1256,813.346,632.021,154.95
1257,813.346,632.021,154.95
1258,813.346,632.021,154.95
1259,813.346,632.021,154.95
1260,813.346,632.021,154.95
1261,813.346,632.021,154.95
1262,718.093,632.021,154.95
1263,718.093,632.021,154.95
1264,718.093,632.021,154.95
1265,718.093,632.021,154.95
1266,718.093,632.021,154.95
1267,718.093,632.021,154.95
1268,718.093,632.021,154.95
1269,718.093,632.021,154.95
1270,718.093,632.021,154.95
1271,718.093,632.021,154.95
1272,718.093,632.021,154.95
1273,712.906,632.021,154.95
1274,712.906,632.021,154.95
1275,712.906,632.021,154.95
1276,712.906,632.021,154.95
1277,712.906,632.021,154.95
1278,712.906,632.021,154.95
1279,712.906,632.021,154.95
1280,712.906,632.021,154.95
1281,712.906,632.021,153.4
1282,712.906,632.021,153.4
1283,712.906,632.021,153.4
1284,696.141,632.021,153.4
1285,696.141,632.021,153.4
1286,696.141,632.021,153.4
1287,696.141,632.021,153.4
1288,696.141,632.021,153.4
1289,696.141,632.021,153.4
1290,696.141,632.021,153.4
1291,696.141,632.021,153.4
1292,696.141,632.021,153.4
1293,696.141,632.021,153.4
1294,696.141,632.021,153.4
1295,696.141,632.021,153.4
1296,696.141,632.021,153.4
1297,696.141,632.021,153.4
1298,696.141,632.021,153.4
1299,696.141,632.021,153.4
1300,696.141,632.021,153.4
1301,696.141,632.021,153.4
1302,696.141,632.021,153.4
1303,696.141,632.021,153.4
1304,712.906,632.021,153.4
1305,712.906,632.021,153.4
1306,712.906,632.021,153.4
1307,712.906,632.021,153.4
1308,712.906,632.021,153.4
1309,712.906,632.021,153.4
1310,712.906,632.021,153.4
1311,712.906,632.021,153.4
1312,712.906,632.021,153.4
1313,712.906,632.021,153.4
1314,712.906,632.021,153.4
1315,712.906,632.021,153.4
1316,718.093,632.021,153.4
1317,718.093,632.021,153.4
1318,718.093,632.021,153.4
1319,718.093,632.021,153.4
1320,718.093,632.021,153.4
1321,718.093,632.021,151.866
1322,718.093,632.021,151.866
1323,718.093,632.021,151.866
1324,718.093,632.021,151.866
1325,718.093,632.021,151.866
1326,718.093,632.021,151.866
1327,718.093,632.021,151.866
1328,718.093,632.021,151.866
1329,718.093,632.021,151.866
1330,1120.4,632.021,151.866
1331,1094.66,632.021,151.866
1332,1082,632.021,151.866
1333,1082,632.021,151.866
1334,1082,632.021,151.866
1335,1079.03,632.021,151.866
1336,1079.03,632.021,151.866
1337,1079.03,632.021,151.866
1338,1079.03,632.021,151.866
1339,1079.03,632.021,151.866
1340,1079.03,632.021,151.866
1341,1079.03,632.021,151.866
1342,1079.03,632.021,151.866
1343,1214.77,632.021,151.866
1344,1214.77,632.021,151.866
1345,1214.77,632.021,151.866
1346,1214.77,632.021,151.866
1347,1236.8,632.021,151.866
1348,1236.8,632.021,151.866
1349,1236.8,632.021,151.866
1350,1236.8,632.021,151.866
1351,864.944,632.021,151.866
1352,864.944,632.021,151.866
1353,786.769,632.021,151.866
1354,786.769,632.021,151.866
1355,786.769,632.021,151.866
1356,786.769,632.021,151.866
1357,763.083,632.021,151.866
1358,763.083,632.021,151.866
1359,763.083,632.021,151.866
1360,763.083,632.021,151.866
1361,763.083,632.021,150.348
1362,763.083,632.021,150.348
1363,747.705,632.021,150.348
1364,747.705,632.021,150.348
1365,747.705,632.021,150.348
1366,747.705,632.021,150.348
1367,747.705,632.021,150.348
1368,747.705,632.021,150.348
1369,747.705,632.021,150.348
1370,747.705,632.021,150.348
1371,747.705,632.021,150.348
1372,747.705,632.021,150.348
1373,747.705,632.021,150.348
1374,747.705,632.021,150.348
1375,747.705,632.021,150.348
1376,1025.04,632.021,150.348
1377,1025.04,632.021,150.348
1378,1025.04,632.021,150.348
1379,1025.04,632.021,150.348
1380,963.149,632.021,150.348
1381,963.149,632.021,150.348
1382,963.149,632.021,150.348
1383,963.149,632.021,150.348
1384,963.149,632.021,150.348
1385,963.149,632.021,150.348
1386,963.149,632.021,150.348
1387,963.149,632.021,150.348
1388,963.149,632.021,150.348
1389,963.149,632.021,150.348
1390,963.149,632.021,150.348
1391,963.149,632.021,150.348
1392,963.149,632.021,150.348
1393,963.149,632.021,150.348
1394,963.149,632.021,150.348
1395,963.149,632.021,150.348
1396,963.149,632.021,150.348
1397,963.149,632.021,150.348
1398,877.165,632.021,150.348
1399,877.165,632.021,150.348
1400,877.165,632.021,150.348
1401,877.165,632.021,148.844
1402,877.165,632.021,148.844
1403,877.165,632.021,148.844
1404,877.165,632.021,148.844
1405,705.308,632.021,148.844
1406,705.308,632.021,148.844
1407,705.308,632.021,148.844
1408,705.308,632.021,148.844
1409,705.308,632.021,148.844
1410,705.308,632.021,148.844
1411,705.308,632.021,148.844
1412,705.308,632.021,148.844
1413,717.446,632.021,148.844
1414,717.446,632.021,148.844
1415,717.446,632.021,148.844
1416,717.446,632.021,148.844
1417,669.317,632.021,148.844
1418,669.317,632.021,148.844
1419,669.317,632.021,148.844
1420,669.317,632.021,148.844
1421,669.317,632.021,148.844
1422,669.317,632.021,148.844
1423,669.317,632.021,148.844
1424,669.317,632.021,148.844
1425,669.317,632.021,148.844
1426,669.317,632.021,148.844
1427,669.317,632.021,148.844
1428,669.317,632.021,148.844
1429,669.317,632.021,148.844
1430,669.317,632.021,148.844
1431,669.317,632.021,148.844
1432,669.317,632.021,148.844
1433,669.317,632.021,148.844
1434,669.317,632.021,148.844
1435,669.317,632.021,148.844
1436,669.317,632.021,148.844
1437,669.317,632.021,148.844
1438,669.317,632.021,148.844
1439,669.317,632.021,148.844
1440,669.317,632.021,148.844
1441,669.317,632.021,147.356
1442,669.317,632.021,147.356
1443,669.317,632.021,147.356
1444,669.317,632.021,147.356
1445,669.317,632.021,147.356
1446,669.317,632.021,147.356
1447,669.317,632.021,147.356
1448,669.317,632.021,147.356
1449,669.317,632.021,147.356
1450,669.317,632.021,147.356
1451,669.317,632.021,147.356
1452,669.317,632.021,147.356
1453,669.317,632.021,147.356
1454,669.317,632.021,147.356
1455,669.317,632.021,147.356
1456,669.317,632.021,147.356
1457,669.317,632.021,147.356
1458,669.317,632.021,147.356
1459,788.802,632.021,147.356
1460,788.802,632.021,147.356
1461,788.802,632.021,147.356
1462,722.543,632.021,147.356
1463,722.543,632.021,147.356
1464,722.543,632.021,147.356
1465,722.543,632.021,147.356
1466,722.543,632.021,147.356
1467,722.543,632.021,147.356
1468,722.543,632.021,147.356
1469,722.543,632.021,147.356
1470,700.792,632.021,147.356
1471,700.792,632.021,147.356
1472,700.792,632.021,147.356
1473,700.792,632.021,147.356
1474,681.065,632.021,147.356
1475,681.065,632.021,147.356
1476,681.065,632.021,147.356
1477,681.065,632.021,147.356
1478,788.802,632.021,147.356
1479,788.802,632.021,147.356
1480,788.802,632.021,147.356
1481,788.802,632.021,145.882
1482,788.802,632.021,145.882
1483,681.065,632.021,145.882
1484,681.065,632.021,145.882
1485,681.065,632.021,145.882
1486,681.065,632.021,145.882
1487,681.065,632.021,145.882
1488,681.065,632.021,145.882
1489,681.065,632.021,145.882
1490,681.065,632.021,145.882
1491,681.065,632.021,145.882
1492,681.065,632.021,145.882
1493,681.065,632.021,145.882
1494,681.065,632.021,145.882
1495,731.444,632.021,145.882
1496,731.444,632.021,145.882
1497,731.444,632.021,145.882
1498,731.444,632.021,145.882
1499,731.444,632.021,145.882
1500,731.444,632.021,145.882
1501,731.444,632.021,145.882
1502,731.444,632.021,145.882
1503,731.444,632.021,145.882
1504,731.444,632.021,145.882
1505,731.444,632.021,145.882
1506,731.444,632.021,145.882
1507,731.444,632.021,145.882
1508,731.444,632.021,145.882
1509,731.444,632.021,145.882
1510,681.065,632.021,145.882
1511,681.065,632.021,145.882
1512,681.065,632.021,145.882
1513,681.065,632.021,145.882
1514,681.065,632.021,145.882
1515,681.065,632.021,145.882
1516,681.065,632.021,145.882
1517,681.065,632.021,145.882
1518,681.065,632.021,145.882
1519,681.065,632.021,145.882
1520,681.065,632.021,145.882
1521,681.065,632.021,144.423
1522,681.065,632.021,144.423
1523,681.065,632.021,144.423
1524,681.065,632.021,144.423
1525,681.065,632.021,144.423
1526,681.065,632.021,144.423
1527,681.065,632.021,144.423
1528,681.065,632.021,144.423
1529,681.065,632.021,144.423
1530,681.065,632.021,144.423
1531,681.065,632.021,144.423
1532,681.065,632.021,144.423
1533,681.065,632.021,144.423
1534,681.065,632.021,144.423
1535,681.065,632.021,144.423
1536,681.065,632.021,144.423
1537,681.065,632.021,144.423
1538,681.065,632.021,144.423
1539,681.065,632.021,144.423
1540,681.065,632.021,144.423
1541,681.065,632.021,144.423
1542,681.065,632.021,144.423
1543,681.065,632.021,144.423
1544,681.065,632.021,144.423
1545,681.065,632.021,144.423
1546,681.065,632.021,144.423
1547,681.065,632.021,144.423
1548,681.065,632.021,144.423
1549,681.065,632.021,144.423
1550,681.065,632.021,144.423
1551,681.065,632.021,144.423
1552,1094.99,632.021,144.423
1553,1094.99,632.021,144.423
1554,1094.99,632.021,144.423
1555,1101.17,632.021,144.423
1556,1101.17,632.021,144.423
1557,1101.17,632.021,144.423
1558,1101.17,632.021,144.423
1559,1101.17,632.021,144.423
1560,1101.17,632.021,144.423
1561,873.482,632.021,142.979
1562,873.482,632.021,142.979
1563,873.482,632.021,142.979
1564,873.482,632.021,142.979
1565,873.482,632.021,142.979
1566,784.552,632.021,142.979
1567,688.466,632.021,142.979
1568,688.466,632.021,142.979
1569,688.466,632.021,142.979
1570,688.466,632.021,142.979
1571,688.466,632.021,142.979
1572,688.466,632.021,142.979
1573,688.466,632.021,142.979
1574,688.466,632.021,142.979
1575,688.466,632.021,142.979
1576,688.466,632.021,142.979
1577,789.372,632.021,142.979
1578,789.372,632.021,142.979
1579,789.372,632.021,142.979
1580,789.372,632.021,142.979
1581,789.372,632.021,142.979
1582,789.372,632.021,142.979
1583,789.372,632.021,142.979
1584,745.966,632.021,142.979
1585,745.966,632.021,142.979
1586,745.966,632.021,142.979
1587,745.966,632.021,142.979
1588,745.966,632.021,142.979
1589,745.966,632.021,142.979
1590,745.966,632.021,142.979
1591,745.966,632.021,142.979
1592,745.966,632.021,142.979
1593,745.966,632.021,142.979
1594,745.966,632.021,142.979
1595,745.966,632.021,142.979
1596,745.966,632.021,142.979
1597,789.372,632.021,142.979
1598,789.372,632.021,142.979
1599,789.372,632.021,142.979
1600,789.372,632.021,142.979
1601,789.372,632.021,141.549
1602,789.372,632.021,141.549
1603,789.372,632.021,141.549
1604,789.372,632.021,141.549
1605,789.372,632.021,141.549
1606,789.372,632.021,141.549
1607,789.372,632.021,141.549
1608,688.466,632.021,141.549
1609,688.466,632.021,141.549
1610,688.466,632.021,141.549
1611,688.466,632.021,141.549
1612,688.466,632.021,141.549
1613,688.466,632.021,141.549
1614,688.466,632.021,141.549
1615,688.466,632.021,141.549
1616,688.466,632.021,141.549
1617,688.466,632.021,141.549
1618,688.466,632.021,141.549
1619,688.466,632.021,141.549
1620,762.584,632.021,141.549
1621,957.872,632.021,141.549
1622,745.966,632.021,141.549
1623,745.966,632.021,141.549
1624,745.966,632.021,141.549
1625,745.966,632.021,141.549
1626,745.966,632.021,141.549
1627,745.966,632.021,141.549
1628,745.966,632.021,141.549
1629,745.966,632.021,141.549
1630,688.466,632.021,141.549
1631,688.466,632.021,141.549
1632,688.466,632.021,141.549
1633,688.466,632.021,141.549
1634,688.466,632.021,141.549
1635,688.466,632.021,141.549
1636,688.466,632.021,141.549
1637,688.466,632.021,141.549
1638,688.466,632.021,141.549
1639,688.466,632.021,141.549
1640,688.466,632.021,141.549
1641,688.466,632.021,140.134
1642,688.466,632.021,140.134
1643,688.466,632.021,140.134
1644,688.466,632.021,140.134
1645,688.466,632.021,140.134
1646,688.466,632.021,140.134
1647,688.466,632.021,140.134
1648,688.466,632.021,140.134
1649,1027.86,632.021,140.134
1650,1027.86,632.021,140.134
1651,1027.86,632.021,140.134
1652,1027.86,632.021,140.134
1653,1027.86,632.021,140.134
1654,1027.86,632.021,140.134
1655,1027.86,632.021,140.134
1656,1027.86,632.021,140.134
1657,1027.86,632.021,140.134
1658,1027.86,632.021,140.134
1659,1050.77,632.021,140.134
1660,1134.06,632.021,140.134
1661,1134.06,632.021,140.134
1662,1134.06,632.021,140.134
1663,1050.77,632.021,140.134
1664,1050.77,632.021,140.134
1665,1050.77,632.021,140.134
1666,1050.77,632.021,140.134
1667,1050.77,632.021,140.134
1668,1136.5,632.021,140.134
1669,1136.5,632.021,140.134
1670,1409.99,632.021,140.134
1671,1409.99,632.021,140.134
1672,1409.99,632.021,140.134
1673,1396.79,632.021,140.134
1674,1396.79,632.021,140.134
1675,1396.79,632.021,140.134
1676,1396.79,632.021,140.134
1677,1396.79,632.021,140.134
1678,1396.79,632.021,140.134
1679,1396.79,632.021,140.134
1680,1396.79,632.021,140.134
1681,1396.79,632.021,138.732
1682,1422.33,632.021,138.732
1683,1422.33,632.021,138.732
1684,1422.33,632.021,138.732
1685,1420.82,632.021,138.732
1686,1420.82,632.021,138.732
1687,1420.82,632.021,138.732
1688,1058.51,632.021,138.732
1689,1058.51,632.021,138.732
1690,907.638,632.021,138.732
1691,907.638,632.021,138.732
1692,907.638,632.021,138.732
1693,907.638,632.021,138.732
1694,907.638,632.021,138.732
1695,907.638,632.021,138.732
1696,907.638,632.021,138.732
1697,907.638,632.021,138.732
1698,907.638,632.021,138.732
1699,907.638,632.021,138.732
1700,907.638,632.021,138.732
1701,907.638,632.021,138.732
1702,907.638,632.021,138.732
1703,907.638,632.021,138.732
1704,907.638,632.021,138.732
1705,907.638,632.021,138.732
1706,907.638,632.021,138.732
1707,907.638,632.021,138.732
1708,907.638,632.021,138.732
1709,907.638,632.021,138.732
1710,907.638,632.021,138.732
1711,907.638,632.021,138.732
1712,907.638,632.021,138.732
1713,907.638,632.021,138.732
1714,907.638,632.021,138.732
1715,907.638,632.021,138.732
1716,907.638,632.021,138.732
1717,704.352,632.021,138.732
1718,704.352,632.021,138.732
1719,704.352,632.021,138.732
1720,704.352,632.021,138.732
1721,704.352,632.021,137.345
1722,704.352,632.021,137.345
1723,704.352,632.021,137.345
1724,704.352,632.021,137.345
1725,704.352,632.021,137.345
1726,705.308,632.021,137.345
1727,705.308,632.021,137.345
1728,717.446,632.021,137.345
1729,717.446,632.021,137.345
1730,717.446,632.021,137.345
1731,717.446,632.021,137.345
1732,717.446,632.021,137.345
1733,717.446,632.021,137.345
1734,717.446,632.021,137.345
1735,717.446,632.021,137.345
1736,717.446,632.021,137.345
1737,717.446,632.021,137.345
1738,717.446,632.021,137.345
1739,717.446,632.021,137.345
1740,717.446,632.021,137.345
1741,717.446,632.021,137.345
1742,717.446,632.021,137.345
1743,717.446,632.021,137.345
1744,717.446,632.021,137.345
1745,717.446,632.021,137.345
1746,736.77,632.021,137.345
1747,736.77,632.021,137.345
1748,736.77,632.021,137.345
1749,640.685,632.021,137.345
1750,640.685,632.021,137.345
1751,640.685,632.021,137.345
1752,640.685,632.021,137.345
1753,640.685,632.021,137.345
1754,739.367,632.021,137.345
1755,739.367,632.021,137.345
1756,739.367,632.021,137.345
1757,739.367,632.021,137.345
1758,739.367,632.021,137.345
1759,739.367,632.021,137.345
1760,704.352,632.021,137.345
1761,704.352,632.021,135.972
1762,704.352,632.021,135.972
1763,704.352,632.021,135.972
1764,704.352,632.021,135.972
1765,704.352,632.021,135.972
1766,704.352,632.021,135.972
1767,704.352,632.021,135.972
1768,704.352,632.021,135.972
1769,704.352,632.021,135.972
1770,704.352,632.021,135.972
1771,704.352,632.021,135.972
1772,704.352,632.021,135.972
1773,704.352,632.021,135.972
1774,704.352,632.021,135.972
1775,704.352,632.021,135.972
1776,704.352,632.021,135.972
1777,704.352,632.021,135.972
1778,704.352,632.021,135.972
1779,1045.21,632.021,135.972
1780,750.098,632.021,135.972
1781,750.098,632.021,135.972
1782,750.098,632.021,135.972
1783,750.098,632.021,135.972
1784,750.098,632.021,135.972
1785,750.098,632.021,135.972
1786,688.131,632.021,135.972
1787,688.131,632.021,135.972
1788,688.131,632.021,135.972
1789,688.131,632.021,135.972
1790,688.131,632.021,135.972
1791,688.131,632.021,135.972
1792,688.131,632.021,135.972
1793,688.131,632.021,135.972
1794,688.131,632.021,135.972
1795,688.131,632.021,135.972
1796,688.131,632.021,135.972
1797,688.131,632.021,135.972
1798,688.131,632.021,135.972
1799,688.131,632.021,135.972
1800,688.131,632.021,135.972
1801,688.131,632.021,134.612
1802,688.131,632.021,134.612
1803,688.131,632.021,134.612
1804,688.131,632.021,134.612
1805,688.131,632.021,134.612
1806,688.131,632.021,134.612
1807,688.131,632.021,134.612
1808,688.131,632.021,134.612
1809,688.131,632.021,134.612
1810,688.131,632.021,134.612
1811,688.131,632.021,134.612
1812,688.131,632.021,134.612
1813,688.131,632.021,134.612
1814,663.019,632.021,134.612
1815,663.019,632.021,134.612
1816,663.019,632.021,134.612
1817,663.019,632.021,134.612
1818,698.46,632.021,134.612
1819,698.46,632.021,134.612
1820,698.46,632.021,134.612
1821,698.46,632.021,134.612
1822,698.46,632.021,134.612
1823,698.46,632.021,134.612
1824,698.46,632.021,134.612
1825,698.46,632.021,134.612
1826,760.921,632.021,134.612
1827,917.925,632.021,134.612
1828,917.925,632.021,134.612
1829,917.925,632.021,134.612
1830,917.925,632.021,134.612
1831,917.925,632.021,134.612
1832,917.925,632.021,134.612
1833,912.056,632.021,134.612
1834,912.056,632.021,134.612
1835,912.056,632.021,134.612
1836,912.056,632.021,134.612
1837,912.056,632.021,134.612
1838,812.154,632.021,134.612
1839,812.154,632.021,134.612
1840,812.154,632.021,134.612
1841,812.154,632.021,133.266
1842,812.154,632.021,133.266
1843,812.154,632.021,133.266
1844,812.154,632.021,133.266
1845,812.154,632.021,133.266
1846,812.154,632.021,133.266
1847,794.053,632.021,133.266
1848,794.053,632.021,133.266
1849,794.053,632.021,133.266
1850,794.053,632.021,133.266
1851,790.912,632.021,133.266
1852,790.912,632.021,133.266
1853,790.912,632.021,133.266
1854,680.634,632.021,133.266
1855,680.634,632.021,133.266
1856,680.634,632.021,133.266
1857,680.634,632.021,133.266
1858,680.634,632.021,133.266
1859,680.634,632.021,133.266
1860,680.634,632.021,133.266
1861,680.634,632.021,133.266
1862,680.634,632.021,133.266
1863,680.634,632.021,133.266
1864,680.634,632.021,133.266
1865,687.721,632.021,133.266
1866,687.721,632.021,133.266
1867,680.634,632.021,133.266
1868,680.634,632.021,133.266
1869,680.634,632.021,133.266
1870,632.021,632.021,133.266
1871,632.021,632.021,133.266
1872,632.021,632.021,133.266
1873,632.021,632.021,133.266
1874,632.021,632.021,133.266
1875,632.021,632.021,133.266
1876,632.021,632.021,133.266
1877,632.021,632.021,133.266
1878,632.021,632.021,133.266
1879,632.021,632.021,133.266
1880,632.021,632.021,133.266
1881,632.021,632.021,131.933
1882,632.021,632.021,131.933
1883,632.021,632.021,131.933
1884,632.021,632.021,131.933
1885,632.021,632.021,131.933
1886,632.021,632.021,131.933
1887,632.021,632.021,131.933
1888,632.021,632.021,131.933
1889,632.021,632.021,131.933
1890,632.021,632.021,131.933
1891,632.021,632.021,131.933
1892,721.061,632.021,131.933
1893,721.061,632.021,131.933
1894,721.061,632.021,131.933
1895,721.061,632.021,131.933
1896,721.061,632.021,131.933
1897,721.061,632.021,131.933
1898,721.061,632.021,131.933
1899,721.061,632.021,131.933
1900,721.061,632.021,131.933
1901,721.061,632.021,131.933
1902,721.061,632.021,131.933
1903,721.061,632.021,131.933
1904,721.061,632.021,131.933
1905,721.061,632.021,131.933
1906,721.061,632.021,131.933
1907,721.061,632.021,131.933
1908,721.061,632.021,131.933
1909,721.061,632.021,131.933
1910,721.061,632.021,131.933
1911,721.061,632.021,131.933
1912,770.246,632.021,131.933
1913,770.246,632.021,131.933
1914,770.246,632.021,131.933
1915,770.246,632.021,131.933
1916,770.246,632.021,131.933
1917,770.246,632.021,131.933
1918,770.246,632.021,131.933
1919,770.246,632.021,131.933
1920,770.246,632.021,131.933
1921,770.246,632.021,130.614
1922,721.061,632.021,130.614
1923,721.061,632.021,130.614
1924,721.061,632.021,130.614
1925,721.061,632.021,130.614
1926,721.061,632.021,130.614
1927,721.061,632.021,130.614
1928,721.061,632.021,130.614
1929,721.061,632.021,130.614
1930,721.061,632.021,130.614
1931,721.061,632.021,130.614
1932,721.061,632.021,130.614
1933,721.061,632.021,130.614
1934,721.061,632.021,130.614
1935,721.061,632.021,130.614
1936,721.061,632.021,130.614
1937,721.061,632.021,130.614
1938,721.061,632.021,130.614
1939,721.061,632.021,130.614
1940,721.061,632.021,130.614
1941,721.061,632.021,130.614
1942,721.061,632.021,130.614
1943,721.061,632.021,130.614
1944,721.061,632.021,130.614
1945,721.061,632.021,130.614
1946,721.061,632.021,130.614
1947,721.061,632.021,130.614
1948,721.061,632.021,130.614
1949,721.061,632.021,130.614
1950,721.061,632.021,130.614
1951,748.957,632.021,130.614
1952,748.957,632.021,130.614
1953,748.957,632.021,130.614
1954,748.957,632.021,130.614
1955,748.957,632.021,130.614
1956,748.957,632.021,130.614
1957,748.957,632.021,130.614
1958,721.061,632.021,130.614
1959,721.061,632.021,130.614
1960,721.061,632.021,130.614
1961,721.061,632.021,129.308
1962,721.061,632.021,129.308
1963,721.061,632.021,129.308
1964,721.061,632.021,129.308
1965,721.061,632.021,129.308
1966,721.061,632.021,129.308
1967,721.061,632.021,129.308
1968,721.061,632.021,129.308
1969,721.061,632.021,129.308
1970,721.061,632.021,129.308
1971,721.061,632.021,129.308
1972,721.061,632.021,129.308
1973,721.061,632.021,129.308
1974,963.988,632.021,129.308
1975,963.988,632.021,129.308
1976,963.988,632.021,129.308
1977,963.988,632.021,129.308
1978,721.061,632.021,129.308
1979,721.061,632.021,129.308
1980,721.061,632.021,129.308
1981,721.061,632.021,129.308
1982,721.061,632.021,129.308
1983,752.861,632.021,129.308
1984,752.861,632.021,129.308
1985,752.861,632.021,129.308
1986,752.861,632.021,129.308
1987,752.861,632.021,129.308
1988,752.861,632.021,129.308
1989,752.861,632.021,129.308
1990,721.061,632.021,129.308
1991,721.061,632.021,129.308
1992,721.061,632.021,129.308
1993,721.061,632.021,129.308
1994,721.061,632.021,129.308
1995,721.061,632.021,129.308
1996,721.061,632.021,129.308
1997,721.061,632.021,129.308
1998,721.061,632.021,129.308
1999,721.061,632.021,129.308
2000,721.061,632.021,129.308
2001,632.021,632.021,128.015
2002,632.021,632.021,128.015
2003,632.021,632.021,128.015
2004,632.021,632.021,128.015
2005,632.021,632.021,128.015
2006,632.021,632.021,128.015
2007,632.021,632.021,128.015
2008,632.021,632.021,128.015
2009,632.021,632.021,128.015
2010,632.021,632.021,128.015
2011,632.021,632.021,128.015
2012,632.021,632.021,128.015
2013,632.021,632.021,128.015
2014,632.021,632.021,128.015
2015,632.021,632.021,128.015
2016,632.021,632.021,128.015
2017,632.021,632.021,128.015
2018,873.114,632.021,128.015
2019,840.873,632.021,128.015
2020,840.873,632.021,128.015
2021,840.873,632.021,128.015
2022,840.873,632.021,128.015
2023,840.873,632.021,128.015
2024,840.873,632.021,128.015
2025,840.873,632.021,128.015
2026,757.466,632.021,128.015
2027,757.466,632.021,128.015
2028,757.466,632.021,128.015
2029,757.466,632.021,128.015
2030,757.466,632.021,128.015
2031,757.466,632.021,128.015
2032,757.466,632.021,128.015
2033,757.466,632.021,128.015
2034,757.466,632.021,128.015
2035,757.466,632.021,128.015
2036,757.466,632.021,128.015
2037,757.466,632.021,128.015
2038,757.466,632.021,128.015
2039,757.466,632.021,128.015
2040,757.466,632.021,128.015
2041,757.466,632.021,126.734
2042,757.466,632.021,126.734
2043,757.466,632.021,126.734
2044,757.466,632.021,126.734
2045,717.494,632.021,126.734
2046,717.494,632.021,126.734
2047,717.494,632.021,126.734
2048,717.494,632.021,126.734
2049,717.494,632.021,126.734
2050,717.494,632.021,126.734
2051,717.494,632.021,126.734
2052,717.494,632.021,126.734
2053,717.494,632.021,126.734
2054,717.494,632.021,126.734
2055,717.494,632.021,126.734
2056,717.494,632.021,126.734
2057,717.494,632.021,126.734
2058,717.494,632.021,126.734
2059,717.494,632.021,126.734
2060,717.494,632.021,126.734
2061,717.494,632.021,126.734
2062,717.494,632.021,126.734
2063,717.494,632.021,126.734
2064,717.494,632.021,126.734
2065,717.494,632.021,126.734
2066,717.494,632.021,126.734
2067,717.494,632.021,126.734
2068,717.494,632.021,126.734
2069,717.494,632.021,126.734
2070,717.494,632.021,126.734
2071,717.494,632.021,126.734
2072,717.494,632.021,126.734
2073,717.494,632.021,126.734
2074,717.494,632.021,126.734
2075,717.494,632.021,126.734
2076,717.494,632.021,126.734
2077,717.494,632.021,126.734
2078,717.494,632.021,126.734
2079,717.494,632.021,126.734
2080,717.494,632.021,126.734
2081,717.494,632.021,125.467
2082,717.494,632.021,125.467
2083,717.494,632.021,125.467
2084,717.494,632.021,125.467
2085,717.494,632.021,125.467
2086,717.494,632.021,125.467
2087,717.494,632.021,125.467
2088,717.494,632.021,125.467
2089,717.494,632.021,125.467
2090,717.494,632.021,125.467
2091,717.494,632.021,125.467
2092,717.494,632.021,125.467
2093,717.494,632.021,125.467
2094,717.494,632.021,125.467
2095,852.479,632.021,125.467
2096,834.086,632.021,125.467
2097,834.086,632.021,125.467
2098,834.086,632.021,125.467
2099,834.086,632.021,125.467
2100,834.086,632.021,125.467
2101,699.101,632.021,125.467
2102,699.101,632.021,125.467
2103,699.101,632.021,125.467
2104,699.101,632.021,125.467
2105,724.349,632.021,125.467
2106,724.349,632.021,125.467
2107,724.349,632.021,125.467
2108,724.349,632.021,125.467
2109,724.349,632.021,125.467
2110,724.349,632.021,125.467
2111,724.349,632.021,125.467
2112,724.349,632.021,125.467
2113,724.349,632.021,125.467
2114,724.349,632.021,125.467
2115,815.603,632.021,125.467
2116,775.533,632.021,125.467
2117,775.533,632.021,125.467
2118,738.511,632.021,125.467
2119,738.511,632.021,125.467
2120,738.511,632.021,125.467
2121,738.511,632.021,124.212
2122,738.511,632.021,124.212
2123,738.511,632.021,124.212
2124,704.352,632.021,124.212
2125,704.352,632.021,124.212
2126,704.352,632.021,124.212
2127,704.352,632.021,124.212
2128,704.352,632.021,124.212
2129,704.352,632.021,124.212
2130,704.352,632.021,124.212
2131,704.352,632.021,124.212
2132,640.685,632.021,124.212
2133,640.685,632.021,124.212
2134,640.685,632.021,124.212
2135,640.685,632.021,124.212
2136,640.685,632.021,124.212
2137,640.685,632.021,124.212
2138,640.685,632.021,124.212
2139,640.685,632.021,124.212
2140,640.685,632.021,124.212
2141,640.685,632.021,124.212
2142,640.685,632.021,124.212
2143,640.685,632.021,124.212
2144,640.685,632.021,124.212
2145,640.685,632.021,124.212
2146,640.685,632.021,124.212
2147,640.685,632.021,124.212
2148,640.685,632.021,124.212
2149,640.685,632.021,124.212
2150,640.685,632.021,124.212
2151,640.685,632.021,124.212
2152,640.685,632.021,124.212
2153,640.685,632.021,124.212
2154,640.685,632.021,124.212
2155,717.446,632.021,124.212
2156,717.446,632.021,124.212
2157,717.446,632.021,124.212
2158,717.446,632.021,124.212
2159,717.446,632.021,124.212
2160,717.446,632.021,124.212
2161,640.685,632.021,122.97
2162,640.685,632.021,122.97
2163,640.685,632.021,122.97
2164,640.685,632.021,122.97
2165,640.685,632.021,122.97
2166,792.485,632.021,122.97
2167,792.485,632.021,122.97
2168,792.485,632.021,122.97
2169,792.485,632.021,122.97
2170,640.685,632.021,122.97
2171,640.685,632.021,122.97
2172,640.685,632.021,122.97
2173,640.685,632.021,122.97
2174,640.685,632.021,122.97
2175,640.685,632.021,122.97
2176,640.685,632.021,122.97
2177,640.685,632.021,122.97
2178,640.685,632.021,122.97
2179,640.685,632.021,122.97
2180,640.685,632.021,122.97
2181,640.685,632.021,122.97
2182,640.685,632.021,122.97
2183,640.685,632.021,122.97
2184,640.685,632.021,122.97
2185,640.685,632.021,122.97
2186,640.685,632.021,122.97
2187,640.685,632.021,122.97
2188,640.685,632.021,122.97
2189,640.685,632.021,122.97
2190,640.685,632.021,122.97
2191,640.685,632.021,122.97
2192,640.685,632.021,122.97
2193,640.685,632.021,122.97
2194,640.685,632.021,122.97
2195,640.685,632.021,122.97
2196,640.685,632.021,122.97
2197,640.685,632.021,122.97
2198,640.685,632.021,122.97
2199,640.685,632.021,122.97
2200,640.685,632.021,122.97
2201,640.685,632.021,121.741
2202,640.685,632.021,121.741
2203,640.685,632.021,121.741
2204,640.685,632.021,121.741
2205,640.685,632.021,121.741
2206,640.685,632.021,121.741
2207,640.685,632.021,121.741
2208,640.685,632.021,121.741
2209,640.685,632.021,121.741
2210,640.685,632.021,121.741
2211,640.685,632.021,121.741
2212,953.595,632.021,121.741
2213,953.595,632.021,121.741
2214,953.595,632.021,121.741
2215,953.595,632.021,121.741
2216,992.931,632.021,121.741
2217,992.931,632.021,121.741
2218,992.931,632.021,121.741
2219,981.706,632.021,121.741
2220,981.706,632.021,121.741
2221,981.706,632.021,121.741
2222,1002.16,632.021,121.741
2223,1002.16,632.021,121.741
2224,1002.16,632.021,121.741
2225,1002.16,632.021,121.741
2226,1002.16,632.021,121.741
2227,1002.16,632.021,121.741
2228,1002.16,632.021,121.741
2229,1002.16,632.021,121.741
2230,981.706,632.021,121.741
2231,981.706,632.021,121.741
2232,981.706,632.021,121.741
2233,981.706,632.021,121.741
2234,981.706,632.021,121.741
2235,981.706,632.021,121.741
2236,981.706,632.021,121.741
2237,981.706,632.021,121.741
2238,981.706,632.021,121.741
2239,877.165,632.021,121.741
2240,877.165,632.021,121.741
2241,877.165,632.021,120.523
2242,877.165,632.021,120.523
2243,877.165,632.021,120.523
2244,877.165,632.021,120.523
2245,877.165,632.021,120.523
2246,877.165,632.021,120.523
2247,877.165,632.021,120.523
2248,919.096,632.021,120.523
2249,919.096,632.021,120.523
2250,919.096,632.021,120.523
2251,919.096,632.021,120.523
2252,919.096,632.021,120.523
2253,919.096,632.021,120.523
2254,919.096,632.021,120.523
2255,919.096,632.021,120.523
2256,877.165,632.021,120.523
2257,877.165,632.021,120.523
2258,953.595,632.021,120.523
2259,953.595,632.021,120.523
2260,953.595,632.021,120.523
2261,953.595,632.021,120.523
2262,953.595,632.021,120.523
2263,953.595,632.021,120.523
2264,953.595,632.021,120.523
2265,953.595,632.021,120.523
2266,953.595,632.021,120.523
2267,717.446,632.021,120.523
2268,717.446,632.021,120.523
2269,717.446,632.021,120.523
2270,717.446,632.021,120.523
2271,717.446,632.021,120.523
2272,717.446,632.021,120.523
2273,717.446,632.021,120.523
2274,717.446,632.021,120.523
2275,717.446,632.021,120.523
2276,717.446,632.021,120.523
2277,717.446,632.021,120.523
2278,717.446,632.021,120.523
2279,739.367,632.021,120.523
2280,739.367,632.021,120.523
2281,731.444,632.021,119.318
2282,731.444,632.021,119.318
2283,731.444,632.021,119.318
2284,681.065,632.021,119.318
2285,654.763,632.021,119.318
2286,654.763,632.021,119.318
2287,654.763,632.021,119.318
2288,654.763,632.021,119.318
2289,654.763,632.021,119.318
2290,654.763,632.021,119.318
2291,654.763,632.021,119.318
2292,654.763,632.021,119.318
2293,654.763,632.021,119.318
2294,654.763,632.021,119.318
2295,654.763,632.021,119.318
2296,654.763,632.021,119.318
2297,654.763,632.021,119.318
2298,654.763,632.021,119.318
2299,654.763,632.021,119.318
2300,654.763,632.021,119.318
2301,654.763,632.021,119.318
2302,654.763,632.021,119.318
2303,654.763,632.021,119.318
2304,654.763,632.021,119.318
2305,654.763,632.021,119.318
2306,654.763,632.021,119.318
2307,654.763,632.021,119.318
2308,654.763,632.021,119.318
2309,654.763,632.021,119.318
2310,654.763,632.021,119.318
2311,654.763,632.021,119.318
2312,654.763,632.021,119.318
2313,654.763,632.021,119.318
2314,654.763,632.021,119.318
2315,654.763,632.021,119.318
2316,654.763,632.021,119.318
2317,654.763,632.021,119.318
2318,654.763,632.021,119.318
2319,654.763,632.021,119.318
2320,654.763,632.021,119.318
2321,654.763,632.021,118.125
2322,654.763,632.021,118.125
2323,654.763,632.021,118.125
2324,654.763,632.021,118.125
2325,654.763,632.021,118.125
2326,654.763,632.021,118.125
2327,654.763,632.021,118.125
2328,654.763,632.021,118.125
2329,654.763,632.021,118.125
2330,654.763,632.021,118.125
2331,654.763,632.021,118.125
2332,654.763,632.021,118.125
2333,654.763,632.021,118.125
2334,654.763,632.021,118.125
2335,654.763,632.021,118.125
2336,654.763,632.021,118.125
2337,654.763,632.021,118.125
2338,654.763,632.021,118.125
2339,654.763,632.021,118.125
2340,654.763,632.021,118.125
2341,654.763,632.021,118.125
2342,654.763,632.021,118.125
2343,654.763,632.021,118.125
2344,654.763,632.021,118.125
2345,654.763,632.021,118.125
2346,654.763,632.021,118.125
2347,654.763,632.021,118.125
2348,654.763,632.021,118.125
2349,654.763,632.021,118.125
2350,654.763,632.021,118.125
2351,654.763,632.021,118.125
2352,654.763,632.021,118.125
2353,654.763,632.021,118.125
2354,654.763,632.021,118.125
2355,654.763,632.021,118.125
2356,654.763,632.021,118.125
2357,654.763,632.021,118.125
2358,654.763,632.021,118.125
2359,654.763,632.021,118.125
2360,654.763,632.021,118.125
2361,654.763,632.021,116.944
2362,654.763,632.021,116.944
2363,654.763,632.021,116.944
2364,654.763,632.021,116.944
2365,654.763,632.021,116.944
2366,654.763,632.021,116.944
2367,654.763,632.021,116.944
2368,654.763,632.021,116.944
2369,654.763,632.021,116.944
2370,654.763,632.021,116.944
2371,757.63,632.021,116.944
2372,757.63,632.021,116.944
2373,757.63,632.021,116.944
2374,757.63,632.021,116.944
2375,757.63,632.021,116.944
2376,757.63,632.021,116.944
2377,757.63,632.021,116.944
2378,757.63,632.021,116.944
2379,757.63,632.021,116.944
2380,757.63,632.021,116.944
2381,757.63,632.021,116.944
2382,757.63,632.021,116.944
2383,757.63,632.021,116.944
2384,757.63,632.021,116.944
2385,757.63,632.021,116.944
2386,757.63,632.021,116.944
2387,757.63,632.021,116.944
2388,834.066,632.021,116.944
2389,834.066,632.021,116.944
2390,834.066,632.021,116.944
2391,834.066,632.021,116.944
2392,834.066,632.021,116.944
2393,834.066,632.021,116.944
2394,834.066,632.021,116.944
2395,828.43,632.021,116.944
2396,828.43,632.021,116.944
2397,828.43,632.021,116.944
2398,828.43,632.021,116.944
2399,782.553,632.021,116.944
2400,782.553,632.021,116.944
2401,782.553,632.021,115.774
2402,782.553,632.021,115.774
2403,782.553,632.021,115.774
2404,782.553,632.021,115.774
2405,782.553,632.021,115.774
2406,782.553,632.021,115.774
2407,782.553,632.021,115.774
2408,800.654,632.021,115.774
2409,800.654,632.021,115.774
2410,800.654,632.021,115.774
2411,800.654,632.021,115.774
2412,800.654,632.021,115.774
2413,800.654,632.021,115.774
2414,771.607,632.021,115.774
2415,771.607,632.021,115.774
2416,771.607,632.021,115.774
2417,771.607,632.021,115.774
2418,771.607,632.021,115.774
2419,771.607,632.021,115.774
2420,771.607,632.021,115.774
2421,771.607,632.021,115.774
2422,771.607,632.021,115.774
2423,771.607,632.021,115.774
2424,771.607,632.021,115.774
2425,771.607,632.021,115.774
2426,771.607,632.021,115.774
2427,771.607,632.021,115.774
2428,771.607,632.021,115.774
2429,771.607,632.021,115.774
2430,771.607,632.021,115.774
2431,771.607,632.021,115.774
2432,771.607,632.021,115.774
2433,734.134,632.021,115.774
2434,734.134,632.021,115.774
2435,734.134,632.021,115.774
2436,734.134,632.021,115.774
2437,716.033,632.021,115.774
2438,716.033,632.021,115.774
2439,716.033,632.021,115.774
2440,715.423,632.021,115.774
2441,715.423,632.021,114.616
2442,715.423,632.021,114.616
2443,715.423,632.021,114.616
2444,715.423,632.021,114.616
2445,715.423,632.021,114.616
2446,771.929,632.021,114.616
2447,680.634,632.021,114.616
2448,680.634,632.021,114.616
2449,680.634,632.021,114.616
2450,680.634,632.021,114.616
2451,680.634,632.021,114.616
2452,680.634,632.021,114.616
2453,680.634,632.021,114.616
2454,680.634,632.021,114.616
2455,680.634,632.021,114.616
2456,680.634,632.021,114.616
2457,680.634,632.021,114.616
2458,680.634,632.021,114.616
2459,680.634,632.021,114.616
2460,680.634,632.021,114.616
2461,680.634,632.021,114.616
2462,680.634,632.021,114.616
2463,680.634,632.021,114.616
2464,680.634,632.021,114.616
2465,680.634,632.021,114.616
2466,680.634,632.021,114.616
2467,680.634,632.021,114.616
2468,680.634,632.021,114.616
2469,680.634,632.021,114.616
2470,680.634,632.021,114.616
2471,680.634,632.021,114.616
2472,680.634,632.021,114.616
2473,680.634,632.021,114.616
2474,680.634,632.021,114.616
2475,680.634,632.021,114.616
2476,680.634,632.021,114.616
2477,680.634,632.021,114.616
2478,680.634,632.021,114.616
2479,680.634,632.021,114.616
2480,680.634,632.021,114.616
2481,680.634,632.021,113.47
2482,680.634,632.021,113.47
2483,680.634,632.021,113.47
2484,680.634,632.021,113.47
2485,680.634,632.021,113.47
2486,680.634,632.021,113.47
2487,680.634,632.021,113.47
2488,680.634,632.021,113.47
2489,680.634,632.021,113.47
2490,680.634,632.021,113.47
2491,680.634,632.021,113.47
2492,680.634,632.021,113.47
2493,680.634,632.021,113.47
2494,680.634,632.021,113.47
2495,680.634,632.021,113.47
2496,680.634,632.021,113.47
2497,680.634,632.021,113.47
2498,680.634,632.021,113.47
2499,680.634,632.021,113.47
2500,680.634,632.021,113.47
2501,680.634,632.021,113.47
2502,680.634,632.021,113.47
2503,680.634,632.021,113.47
2504,680.634,632.021,113.47
2505,680.634,632.021,113.47
2506,680.634,632.021,113.47
2507,680.634,632.021,113.47
2508,680.634,632.021,113.47
2509,680.634,632.021,113.47
2510,833.337,632.021,113.47
2511,790.81,632.021,113.47
2512,790.912,632.021,113.47
2513,790.912,632.021,113.47
2514,790.912,632.021,113.47
2515,790.912,632.021,113.47
2516,790.912,632.021,113.47
2517,790.912,632.021,113.47
2518,790.912,632.021,113.47
2519,715.423,632.021,113.47
2520,715.423,632.021,113.47
2521,715.423,632.021,112.336
2522,715.423,632.021,112.336
2523,715.423,632.021,112.336
2524,715.423,632.021,112.336
2525,715.423,632.021,112.336
2526,715.423,632.021,112.336
2527,715.423,632.021,112.336
2528,715.423,632.021,112.336
2529,726.523,632.021,112.336
2530,726.523,632.021,112.336
2531,726.523,632.021,112.336
2532,726.523,632.021,112.336
2533,726.523,632.021,112.336
2534,632.021,632.021,112.336
2535,632.021,632.021,112.336
2536,632.021,632.021,112.336
2537,632.021,632.021,112.336
2538,632.021,632.021,112.336
2539,632.021,632.021,112.336
2540,632.021,632.021,112.336
2541,632.021,632.021,112.336
2542,632.021,632.021,112.336
2543,632.021,632.021,112.336
2544,632.021,632.021,112.336
2545,632.021,632.021,112.336
2546,632.021,632.021,112.336
2547,632.021,632.021,112.336
2548,632.021,632.021,112.336
2549,632.021,632.021,112.336
2550,632.021,632.021,112.336
2551,632.021,632.021,112.336
2552,632.021,632.021,112.336
2553,632.021,632.021,112.336
2554,632.021,632.021,112.336
2555,632.021,632.021,112.336
2556,632.021,632.021,112.336
2557,632.021,632.021,112.336
2558,632.021,632.021,112.336
2559,632.021,632.021,112.336
2560,632.021,632.021,112.336
2561,632.021,632.021,111.212
2562,632.021,632.021,111.212
2563,632.021,632.021,111.212
2564,632.021,632.021,111.212
2565,632.021,632.021,111.212
2566,632.021,632.021,111.212
2567,632.021,632.021,111.212
2568,632.021,632.021,111.212
2569,632.021,632.021,111.212
2570,632.021,632.021,111.212
2571,632.021,632.021,111.212
2572,632.021,632.021,111.212
2573,754.468,632.021,111.212
2574,754.468,632.021,111.212
2575,754.468,632.021,111.212
2576,632.021,632.021,111.212
2577,680.634,632.021,111.212
2578,680.634,632.021,111.212
2579,680.634,632.021,111.212
2580,680.634,632.021,111.212
2581,680.634,632.021,111.212
2582,680.634,632.021,111.212
2583,680.634,632.021,111.212
2584,680.634,632.021,111.212
2585,680.634,632.021,111.212
2586,680.634,632.021,111.212
2587,680.634,632.021,111.212
2588,680.634,632.021,111.212
2589,680.634,632.021,111.212
2590,680.634,632.021,111.212
2591,680.634,632.021,111.212
2592,680.634,632.021,111.212
2593,680.634,632.021,111.212
2594,680.634,632.021,111.212
2595,680.634,632.021,111.212
2596,680.634,632.021,111.212
2597,680.634,632.021,111.212
2598,680.634,632.021,111.212
2599,680.634,632.021,111.212
2600,680.634,632.021,111.212
2601,680.634,632.021,110.1
2602,680.634,632.021,110.1
2603,752.239,632.021,110.1
2604,752.239,632.021,110.1
2605,752.239,632.021,110.1
2606,752.239,632.021,110.1
2607,752.239,632.021,110.1
2608,752.239,632.021,110.1
2609,752.239,632.021,110.1
2610,752.239,632.021,110.1
2611,752.239,632.021,110.1
2612,752.239,632.021,110.1
2613,752.239,632.021,110.1
2614,752.239,632.021,110.1
2615,752.239,632.021,110.1
2616,752.239,632.021,110.1
2617,752.239,632.021,110.1
2618,752.239,632.021,110.1
2619,752.239,632.021,110.1
2620,752.239,632.021,110.1
2621,752.239,632.021,110.1
2622,776.569,632.021,110.1
2623,776.569,632.021,110.1
2624,776.569,632.021,110.1
2625,783.107,632.021,110.1
2626,776.569,632.021,110.1
2627,776.569,632.021,110.1
2628,776.569,632.021,110.1
2629,776.569,632.021,110.1
2630,776.569,632.021,110.1
2631,776.569,632.021,110.1
2632,776.569,632.021,110.1
2633,776.569,632.021,110.1
2634,776.569,632.021,110.1
2635,776.569,632.021,110.1
2636,776.569,632.021,110.1
2637,776.569,632.021,110.1
2638,776.569,632.021,110.1
2639,776.569,632.021,110.1
2640,757.466,632.021,110.1
2641,757.466,632.021,108.999
2642,757.466,632.021,108.999
2643,757.466,632.021,108.999
2644,757.466,632.021,108.999
2645,757.466,632.021,108.999
2646,757.466,632.021,108.999
2647,757.466,632.021,108.999
2648,757.466,632.021,108.999
2649,757.466,632.021,108.999
2650,757.466,632.021,108.999
2651,757.466,632.021,108.999
2652,757.466,632.021,108.999
2653,757.466,632.021,108.999
2654,757.466,632.021,108.999
2655,757.466,632.021,108.999
2656,757.466,632.021,108.999
2657,757.466,632.021,108.999
2658,757.466,632.021,108.999
2659,757.466,632.021,108.999
2660,757.466,632.021,108.999
2661,757.466,632.021,108.999
2662,757.466,632.021,108.999
2663,757.466,632.021,108.999
2664,757.466,632.021,108.999
2665,757.466,632.021,108.999
2666,757.466,632.021,108.999
2667,757.466,632.021,108.999
2668,757.466,632.021,108.999
2669,757.466,632.021,108.999
2670,757.466,632.021,108.999
2671,757.466,632.021,108.999
2672,757.466,632.021,108.999
2673,757.466,632.021,108.999
2674,757.466,632.021,108.999
2675,757.466,632.021,108.999
2676,757.466,632.021,108.999
2677,757.466,632.021,108.999
2678,757.466,632.021,108.999
2679,757.466,632.021,108.999
2680,757.466,632.021,108.999
2681,757.466,632.021,107.909
2682,757.466,632.021,107.909
2683,757.466,632.021,107.909
2684,757.466,632.021,107.909
2685,757.466,632.021,107.909
2686,757.466,632.021,107.909
2687,757.466,632.021,107.909
2688,757.466,632.021,107.909
2689,757.466,632.021,107.909
2690,757.466,632.021,107.909
2691,762.351,632.021,107.909
2692,741.374,632.021,107.909
2693,741.374,632.021,107.909
2694,741.374,632.021,107.909
2695,741.374,632.021,107.909
2696,754.468,632.021,107.909
2697,754.468,632.021,107.909
2698,754.468,632.021,107.909
2699,754.468,632.021,107.909
2700,754.468,632.021,107.909
2701,754.468,632.021,107.909
2702,754.468,632.021,107.909
2703,754.468,632.021,107.909
2704,754.468,632.021,107.909
2705,717.446,632.021,107.909
2706,717.446,632.021,107.909
2707,717.446,632.021,107.909
2708,717.446,632.021,107.909
2709,717.446,632.021,107.909
2710,717.446,632.021,107.909
2711,717.446,632.021,107.909
2712,717.446,632.021,107.909
2713,717.446,632.021,107.909
2714,717.446,632.021,107.909
2715,717.446,632.021,107.909
2716,717.446,632.021,107.909
2717,717.446,632.021,107.909
2718,717.446,632.021,107.909
2719,717.446,632.021,107.909
2720,640.685,632.021,107.909
2721,640.685,632.021,106.83
2722,640.685,632.021,106.83
2723,640.685,632.021,106.83
2724,640.685,632.021,106.83
2725,640.685,632.021,106.83
2726,640.685,632.021,106.83
2727,640.685,632.021,106.83
2728,640.685,632.021,106.83
2729,640.685,632.021,106.83
2730,640.685,632.021,106.83
2731,640.685,632.021,106.83
2732,640.685,632.021,106.83
2733,640.685,632.021,106.83
2734,640.685,632.021,106.83
2735,640.685,632.021,106.83
2736,640.685,632.021,106.83
2737,640.685,632.021,106.83
2738,774.064,632.021,106.83
2739,774.064,632.021,106.83
2740,774.064,632.021,106.83
2741,774.064,632.021,106.83
2742,774.064,632.021,106.83
2743,774.064,632.021,106.83
2744,774.064,632.021,106.83
2745,774.064,632.021,106.83
2746,807.717,632.021,106.83
2747,807.717,632.021,106.83
2748,807.717,632.021,106.83
2749,785.701,632.021,106.83
2750,785.701,632.021,106.83
2751,785.701,632.021,106.83
2752,785.701,632.021,106.83
2753,779.588,632.021,106.83
2754,779.588,632.021,106.83
2755,779.588,632.021,106.83
2756,779.588,632.021,106.83
2757,779.588,632.021,106.83
2758,779.588,632.021,106.83
2759,779.588,632.021,106.83
2760,779.588,632.021,106.83
2761,806.567,632.021,105.762
2762,790.841,632.021,105.762
2763,790.841,632.021,105.762
2764,790.841,632.021,105.762
2765,790.841,632.021,105.762
2766,790.841,632.021,105.762
2767,790.841,632.021,105.762
2768,790.841,632.021,105.762
2769,810.556,632.021,105.762
2770,810.556,632.021,105.762
2771,810.556,632.021,105.762
2772,810.556,632.021,105.762
2773,810.556,632.021,105.762
2774,810.556,632.021,105.762
2775,810.556,632.021,105.762
2776,810.556,632.021,105.762
2777,810.556,632.021,105.762
2778,810.556,632.021,105.762
2779,810.556,632.021,105.762
2780,810.556,632.021,105.762
2781,810.556,632.021,105.762
2782,810.556,632.021,105.762
2783,810.556,632.021,105.762
2784,810.556,632.021,105.762
2785,810.556,632.021,105.762
2786,810.556,632.021,105.762
2787,810.556,632.021,105.762
2788,795.706,632.021,105.762
2789,795.706,632.021,105.762
2790,795.706,632.021,105.762
2791,768.614,632.021,105.762
2792,768.614,632.021,105.762
2793,768.614,632.021,105.762
2794,768.614,632.021,105.762
2795,768.614,632.021,105.762
2796,768.614,632.021,105.762
2797,768.614,632.021,105.762
2798,768.614,632.021,105.762
2799,704.352,632.021,105.762
2800,704.352,632.021,105.762
2801,704.352,632.021,104.704
2802,704.352,632.021,104.704
2803,731.444,632.021,104.704
2804,731.444,632.021,104.704
2805,731.444,632.021,104.704
2806,731.444,632.021,104.704
2807,731.444,632.021,104.704
2808,731.444,632.021,104.704
2809,731.444,632.021,104.704
2810,731.444,632.021,104.704
2811,731.444,632.021,104.704
2812,731.444,632.021,104.704
2813,731.444,632.021,104.704
2814,731.444,632.021,104.704
2815,731.444,632.021,104.704
2816,731.444,632.021,104.704
2817,731.444,632.021,104.704
2818,731.444,632.021,104.704
2819,731.444,632.021,104.704
2820,731.444,632.021,104.704
2821,731.444,632.021,104.704
2822,731.444,632.021,104.704
2823,731.444,632.021,104.704
2824,731.444,632.021,104.704
2825,731.444,632.021,104.704
2826,731.444,632.021,104.704
2827,731.444,632.021,104.704
2828,731.444,632.021,104.704
2829,731.444,632.021,104.704
2830,731.444,632.021,104.704
2831,731.444,632.021,104.704
2832,731.444,632.021,104.704
2833,731.444,632.021,104.704
2834,731.444,632.021,104.704
2835,731.444,632.021,104.704
2836,731.444,632.021,104.704
2837,731.444,632.021,104.704
2838,731.444,632.021,104.704
2839,731.444,632.021,104.704
2840,731.444,632.021,104.704
2841,731.444,632.021,103.657
2842,731.444,632.021,103.657
2843,731.444,632.021,103.657
2844,731.444,632.021,103.657
2845,735.63,632.021,103.657
2846,735.63,632.021,103.657
2847,729.993,632.021,103.657
2848,729.993,632.021,103.657
2849,933.28,632.021,103.657
2850,933.28,632.021,103.657
2851,933.28,632.021,103.657
2852,933.28,632.021,103.657
2853,933.28,632.021,103.657
2854,907.638,632.021,103.657
2855,907.638,632.021,103.657
2856,907.638,632.021,103.657
2857,907.638,632.021,103.657
2858,640.685,632.021,103.657
2859,640.685,632.021,103.657
2860,640.685,632.021,103.657
2861,640.685,632.021,103.657
2862,640.685,632.021,103.657
2863,640.685,632.021,103.657
2864,640.685,632.021,103.657
2865,640.685,632.021,103.657
2866,640.685,632.021,103.657
2867,640.685,632.021,103.657
2868,640.685,632.021,103.657
2869,640.685,632.021,103.657
2870,640.685,632.021,103.657
2871,640.685,632.021,103.657
2872,640.685,632.021,103.657
2873,640.685,632.021,103.657
2874,640.685,632.021,103.657
2875,640.685,632.021,103.657
2876,640.685,632.021,103.657
2877,640.685,632.021,103.657
2878,640.685,632.021,103.657
2879,640.685,632.021,103.657
2880,640.685,632.021,103.657
2881,640.685,632.021,102.62
2882,640.685,632.021,102.62
2883,640.685,632.021,102.62
2884,640.685,632.021,102.62
2885,640.685,632.021,102.62
2886,640.685,632.021,102.62
2887,640.685,632.021,102.62
2888,640.685,632.021,102.62
2889,640.685,632.021,102.62
2890,640.685,632.021,102.62
2891,640.685,632.021,102.62
2892,640.685,632.021,102.62
2893,640.685,632.021,102.62
2894,640.685,632.021,102.62
2895,640.685,632.021,102.62
2896,640.685,632.021,102.62
2897,640.685,632.021,102.62
2898,640.685,632.021,102.62
2899,640.685,632.021,102.62
2900,640.685,632.021,102.62
2901,640.685,632.021,102.62
2902,640.685,632.021,102.62
2903,640.685,632.021,102.62
2904,640.685,632.021,102.62
2905,640.685,632.021,102.62
2906,640.685,632.021,102.62
2907,640.685,632.021,102.62
2908,640.685,632.021,102.62
2909,640.685,632.021,102.62
2910,640.685,632.021,102.62
2911,640.685,632.021,102.62
2912,640.685,632.021,102.62
2913,640.685,632.021,102.62
2914,640.685,632.021,102.62
2915,640.685,632.021,102.62
2916,640.685,632.021,102.62
2917,640.685,632.021,102.62
2918,640.685,632.021,102.62
2919,640.685,632.021,102.62
2920,640.685,632.021,102.62
2921,640.685,632.021,101.594
2922,640.685,632.021,101.594
2923,640.685,632.021,101.594
2924,640.685,632.021,101.594
2925,640.685,632.021,101.594
2926,640.685,632.021,101.594
2927,640.685,632.021,101.594
2928,640.685,632.021,101.594
2929,640.685,632.021,101.594
2930,640.685,632.021,101.594
2931,640.685,632.021,101.594
2932,640.685,632.021,101.594
2933,640.685,632.021,101.594
2934,640.685,632.021,101.594
2935,640.685,632.021,101.594
2936,640.685,632.021,101.594
2937,640.685,632.021,101.594
2938,640.685,632.021,101.594
2939,640.685,632.021,101.594
2940,640.685,632.021,101.594
2941,640.685,632.021,101.594
2942,640.685,632.021,101.594
2943,640.685,632.021,101.594
2944,640.685,632.021,101.594
2945,640.685,632.021,101.594
2946,640.685,632.021,101.594
2947,640.685,632.021,101.594
2948,640.685,632.021,101.594
2949,640.685,632.021,101.594
2950,640.685,632.021,101.594
2951,640.685,632.021,101.594
2952,640.685,632.021,101.594
2953,640.685,632.021,101.594
2954,640.685,632.021,101.594
2955,640.685,632.021,101.594
2956,640.685,632.021,101.594
2957,640.685,632.021,101.594
2958,640.685,632.021,101.594
2959,640.685,632.021,101.594
2960,640.685,632.021,101.594
2961,640.685,632.021,100.578
2962,640.685,632.021,100.578
2963,640.685,632.021,100.578
2964,640.685,632.021,100.578
2965,640.685,632.021,100.578
2966,640.685,632.021,100.578
2967,640.685,632.021,100.578
2968,640.685,632.021,100.578
2969,640.685,632.021,100.578
2970,640.685,632.021,100.578
2971,640.685,632.021,100.578
2972,640.685,632.021,100.578
2973,640.685,632.021,100.578
2974,640.685,632.021,100.578
2975,640.685,632.021,100.578
2976,640.685,632.021,100.578
2977,640.685,632.021,100.578
2978,640.685,632.021,100.578
2979,640.685,632.021,100.578
2980,640.685,632.021,100.578
2981,640.685,632.021,100.578
2982,640.685,632.021,100.578
2983,640.685,632.021,100.578
2984,640.685,632.021,100.578
2985,640.685,632.021,100.578
2986,640.685,632.021,100.578
2987,640.685,632.021,100.578
2988,640.685,632.021,100.578
2989,640.685,632.021,100.578
2990,640.685,632.021,100.578
2991,640.685,632.021,100.578
2992,640.685,632.021,100.578
2993,640.685,632.021,100.578
2994,640.685,632.021,100.578
2995,640.685,632.021,100.578
2996,640.685,632.021,100.578
2997,640.685,632.021,100.578
2998,640.685,632.021,100.578
2999,640.685,632.021,100.578
3000,640.685,632.021,100.578
3001,640.685,632.021,99.5725
3002,640.685,632.021,99.5725
3003,640.685,632.021,99.5725
3004,640.685,632.021,99.5725
3005,640.685,632.021,99.5725
3006,640.685,632.021,99.5725
3007,640.685,632.021,99.5725
3008,640.685,632.021,99.5725
3009,640.685,632.021,99.5725
3010,640.685,632.021,99.5725
3011,640.685,632.021,99.5725
3012,640.685,632.021,99.5725
3013,640.685,632.021,99.5725
3014,640.685,632.021,99.5725
3015,640.685,632.021,99.5725
3016,640.685,632.021,99.5725
3017,640.685,632.021,99.5725
3018,640.685,632.021,99.5725
3019,640.685,632.021,99.5725
3020,640.685,632.021,99.5725
3021,640.685,632.021,99.5725
3022,640.685,632.021,99.5725
3023,640.685,632.021,99.5725
3024,640.685,632.021,99.5725
3025,640.685,632.021,99.5725
3026,640.685,632.021,99.5725
3027,640.685,632.021,99.5725
3028,640.685,632.021,99.5725
3029,640.685,632.021,99.5725
3030,640.685,632.021,99.5725
3031,640.685,632.021,99.5725
3032,640.685,632.021,99.5725
3033,640.685,632.021,99.5725
3034,640.685,632.021,99.5725
3035,640.685,632.021,99.5725
3036,640.685,632.021,99.5725
3037,640.685,632.021,99.5725
3038,640.685,632.021,99.5725
3039,640.685,632.021,99.5725
3040,640.685,632.021,99.5725
3041,640.685,632.021,98.5768
3042,640.685,632.021,98.5768
3043,640.685,632.021,98.5768
3044,640.685,632.021,98.5768
3045,1000.1,632.021,98.5768
3046,739.367,632.021,98.5768
3047,731.444,632.021,98.5768
3048,731.444,632.021,98.5768
3049,731.444,632.021,98.5768
3050,731.444,632.021,98.5768
3051,731.444,632.021,98.5768
3052,731.444,632.021,98.5768
3053,731.444,632.021,98.5768
3054,731.444,632.021,98.5768
3055,731.444,632.021,98.5768
3056,731.444,632.021,98.5768
3057,731.444,632.021,98.5768
3058,731.444,632.021,98.5768
3059,731.444,632.021,98.5768
3060,731.444,632.021,98.5768
3061,731.444,632.021,98.5768
3062,731.444,632.021,98.5768
3063,731.444,632.021,98.5768
3064,731.444,632.021,98.5768
3065,731.444,632.021,98.5768
3066,731.444,632.021,98.5768
3067,731.444,632.021,98.5768
3068,731.444,632.021,98.5768
3069,731.444,632.021,98.5768
3070,731.444,632.021,98.5768
3071,731.444,632.021,98.5768
3072,731.444,632.021,98.5768
3073,731.444,632.021,98.5768
3074,731.444,632.021,98.5768
3075,731.444,632.021,98.5768
3076,731.444,632.021,98.5768
3077,731.444,632.021,98.5768
3078,731.444,632.021,98.5768
3079,731.444,632.021,98.5768
3080,731.444,632.021,98.5768
3081,731.444,632.021,97.591
3082,731.444,632.021,97.591
3083,731.444,632.021,97.591
3084,731.444,632.021,97.591
3085,731.444,632.021,97.591
3086,731.444,632.021,97.591
3087,731.444,632.021,97.591
3088,731.444,632.021,97.591
3089,731.444,632.021,97.591
3090,731.444,632.021,97.591
3091,731.444,632.021,97.591
3092,731.444,632.021,97.591
3093,731.444,632.021,97.591
3094,731.444,632.021,97.591
3095,731.444,632.021,97.591
3096,731.444,632.021,97.591
3097,731.444,632.021,97.591
3098,731.444,632.021,97.591
3099,731.444,632.021,97.591
3100,731.444,632.021,97.591
3101,731.444,632.021,97.591
3102,731.444,632.021,97.591
3103,731.444,632.021,97.591
3104,731.444,632.021,97.591
3105,731.444,632.021,97.591
3106,731.444,632.021,97.591
3107,731.444,632.021,97.591
3108,731.444,632.021,97.591
3109,809.794,632.021,97.591
3110,809.794,632.021,97.591
3111,809.794,632.021,97.591
3112,809.794,632.021,97.591
3113,731.444,632.021,97.591
3114,731.444,632.021,97.591
3115,731.444,632.021,97.591
3116,731.444,632.021,97.591
3117,731.444,632.021,97.591
3118,731.444,632.021,97.591
3119,731.444,632.021,97.591
3120,731.444,632.021,97.591
3121,731.444,632.021,96.6151
3122,731.444,632.021,96.6151
3123,731.444,632.021,96.6151
3124,731.444,632.021,96.6151
3125,731.444,632.021,96.6151
3126,731.444,632.021,96.6151
3127,731.444,632.021,96.6151
3128,731.444,632.021,96.6151
3129,731.444,632.021,96.6151
3130,731.444,632.021,96.6151
3131,731.444,632.021,96.6151
3132,731.444,632.021,96.6151
3133,731.444,632.021,96.6151
3134,731.444,632.021,96.6151
3135,731.444,632.021,96.6151
3136,731.444,632.021,96.6151
3137,731.444,632.021,96.6151
3138,731.444,632.021,96.6151
3139,731.444,632.021,96.6151
3140,731.444,632.021,96.6151
3141,731.444,632.021,96.6151
3142,731.444,632.021,96.6151
3143,731.444,632.021,96.6151
3144,731.444,632.021,96.6151
3145,731.444,632.021,96.6151
3146,731.444,632.021,96.6151
3147,731.444,632.021,96.6151
3148,731.444,632.021,96.6151
3149,731.444,632.021,96.6151
3150,731.444,632.021,96.6151
3151,731.444,632.021,96.6151
3152,731.444,632.021,96.6151
3153,731.444,632.021,96.6151
3154,731.444,632.021,96.6151
3155,731.444,632.021,96.6151
3156,731.444,632.021,96.6151
3157,731.444,632.021,96.6151
3158,731.444,632.021,96.6151
3159,731.444,632.021,96.6151
3160,731.444,632.021,96.6151
3161,731.444,632.021,95.6489
3162,731.444,632.021,95.6489
3163,731.444,632.021,95.6489
3164,731.444,632.021,95.6489
3165,731.444,632.021,95.6489
3166,731.444,632.021,95.6489
3167,731.444,632.021,95.6489
3168,731.444,632.021,95.6489
3169,731.444,632.021,95.6489
3170,731.444,632.021,95.6489
3171,731.444,632.021,95.6489
3172,731.444,632.021,95.6489
3173,731.444,632.021,95.6489
3174,731.444,632.021,95.6489
3175,731.444,632.021,95.6489
3176,731.444,632.021,95.6489
3177,731.444,632.021,95.6489
3178,731.444,632.021,95.6489
3179,731.444,632.021,95.6489
3180,731.444,632.021,95.6489
3181,731.444,632.021,95.6489
3182,731.444,632.021,95.6489
3183,731.444,632.021,95.6489
3184,731.444,632.021,95.6489
3185,731.444,632.021,95.6489
3186,731.444,632.021,95.6489
3187,731.444,632.021,95.6489
3188,731.444,632.021,95.6489
3189,731.444,632.021,95.6489
3190,731.444,632.021,95.6489
3191,731.444,632.021,95.6489
3192,731.444,632.021,95.6489
3193,731.444,632.021,95.6489
3194,704.352,632.021,95.6489
3195,704.352,632.021,95.6489
3196,704.352,632.021,95.6489
3197,704.352,632.021,95.6489
3198,704.352,632.021,95.6489
3199,640.685,632.021,95.6489
3200,640.685,632.021,95.6489
3201,705.308,632.021,94.6925
3202,705.308,632.021,94.6925
3203,705.308,632.021,94.6925
3204,705.308,632.021,94.6925
3205,705.308,632.021,94.6925
3206,705.308,632.021,94.6925
3207,705.308,632.021,94.6925
3208,705.308,632.021,94.6925
3209,705.308,632.021,94.6925
3210,705.308,632.021,94.6925
3211,705.308,632.021,94.6925
3212,705.308,632.021,94.6925
3213,705.308,632.021,94.6925
3214,705.308,632.021,94.6925
3215,705.308,632.021,94.6925
3216,705.308,632.021,94.6925
3217,705.308,632.021,94.6925
3218,705.308,632.021,94.6925
3219,705.308,632.021,94.6925
3220,705.308,632.021,94.6925
3221,705.308,632.021,94.6925
3222,705.308,632.021,94.6925
3223,705.308,632.021,94.6925
3224,705.308,632.021,94.6925
3225,705.308,632.021,94.6925
3226,705.308,632.021,94.6925
3227,705.308,632.021,94.6925
3228,705.308,632.021,94.6925
3229,705.308,632.021,94.6925
3230,705.308,632.021,94.6925
3231,705.308,632.021,94.6925
3232,705.308,632.021,94.6925
3233,640.685,632.021,94.6925
3234,640.685,632.021,94.6925
3235,640.685,632.021,94.6925
3236,640.685,632.021,94.6925
3237,640.685,632.021,94.6925
3238,640.685,632.021,94.6925
3239,640.685,632.021,94.6925
3240,640.685,632.021,94.6925
3241,640.685,632.021,93.7455
3242,640.685,632.021,93.7455
3243,640.685,632.021,93.7455
3244,942.054,632.021,93.7455
3245,942.054,632.021,93.7455
3246,942.054,632.021,93.7455
3247,942.054,632.021,93.7455
3248,942.054,632.021,93.7455
3249,739.367,632.021,93.7455
3250,739.367,632.021,93.7455
3251,739.367,632.021,93.7455
3252,640.685,632.021,93.7455
3253,640.685,632.021,93.7455
3254,640.685,632.021,93.7455
3255,640.685,632.021,93.7455
3256,640.685,632.021,93.7455
3257,640.685,632.021,93.7455
3258,704.352,632.021,93.7455
3259,704.352,632.021,93.7455
3260,704.352,632.021,93.7455
3261,704.352,632.021,93.7455
3262,704.352,632.021,93.7455
3263,704.352,632.021,93.7455
3264,704.352,632.021,93.7455
3265,704.352,632.021,93.7455
3266,704.352,632.021,93.7455
3267,704.352,632.021,93.7455
3268,704.352,632.021,93.7455
3269,704.352,632.021,93.7455
3270,704.352,632.021,93.7455
3271,704.352,632.021,93.7455
3272,704.352,632.021,93.7455
3273,704.352,632.021,93.7455
3274,640.685,632.021,93.7455
3275,640.685,632.021,93.7455
3276,640.685,632.021,93.7455
3277,640.685,632.021,93.7455
3278,640.685,632.021,93.7455
3279,640.685,632.021,93.7455
3280,640.685,632.021,93.7455
3281,640.685,632.021,92.8081
3282,640.685,632.021,92.8081
3283,640.685,632.021,92.8081
3284,640.685,632.021,92.8081
3285,640.685,632.021,92.8081
3286,640.685,632.021,92.8081
3287,640.685,632.021,92.8081
3288,640.685,632.021,92.8081
3289,640.685,632.021,92.8081
3290,640.685,632.021,92.8081
3291,640.685,632.021,92.8081
3292,640.685,632.021,92.8081
3293,640.685,632.021,92.8081
3294,640.685,632.021,92.8081
3295,640.685,632.021,92.8081
3296,640.685,632.021,92.8081
3297,640.685,632.021,92.8081
3298,640.685,632.021,92.8081
3299,640.685,632.021,92.8081
3300,640.685,632.021,92.8081
3301,640.685,632.021,92.8081
3302,640.685,632.021,92.8081
3303,640.685,632.021,92.8081
3304,640.685,632.021,92.8081
3305,640.685,632.021,92.8081
3306,640.685,632.021,92.8081
3307,640.685,632.021,92.8081
3308,640.685,632.021,92.8081
3309,640.685,632.021,92.8081
3310,640.685,632.021,92.8081
3311,640.685,632.021,92.8081
3312,640.685,632.021,92.8081
3313,640.685,632.021,92.8081
3314,640.685,632.021,92.8081
3315,640.685,632.021,92.8081
3316,640.685,632.021,92.8081
3317,640.685,632.021,92.8081
3318,640.685,632.021,92.8081
3319,640.685,632.021,92.8081
3320,640.685,632.021,92.8081
